Store,Product,Price
eMAG,"Laptop Apple MacBook Air 13"" cu procesor Apple M2, 8 nuclee CPU si 8 nuclee GPU, 16GB RAM, 256GB SSD, Midnight, INT KB","4.399,99"
eMAG,"Laptop Gaming Lenovo LOQ 15IRX10 cu procesor Intel® Core i7-14700HX pana la 5.5GHz, 15.6"" Full HD, IPS, 144Hz, 32GB DDR5 RAM, 1TB SSD, NVIDIA® GeForce RTX™ 5060 8GB GDDR7, No OS, Luna Grey","8.912,03"
eMAG,"Laptop Gaming HP VICTUS 15-fa1033nn cu procesor Intel® Core™ i5-12500H pana la 4.5GHz, 15.6'', Full HD, IPS, 16GB DDR4, 512GB SSD, NVIDIA® GeForce RTX™ 4060 8GB GDDR6, Free DOS, Ceramic White","4.599,99"
eMAG,"Laptop Lenovo IdeaPad 5 2-in-1 14IAL10 cu procesor Intel® Core™ Ultra 5 225U pana la 4.8GHz, 14"" WUXGA, IPS, Touch, 16GB LPDDR5x RAM, 512GB SSD, Intel® Graphics, No OS, Cosmic Blue","5.283,31"
eMAG,"Apple MacBook Pro 14'' cu procesor Apple M5 Max, 18 nuclee CPU, 32 nuclee GPU, 36GB RAM, 2TB SSD, Silver, Tastatura Internationala, Manual RO","21.713,35"
eMAG,"Laptop Apple MacBook Air 15"", cu procesor Apple M4, 10 nuclee CPU si 10 nuclee GPU, 16GB RAM, 512GB, Silver, Tastatura Internationala, Manual RO","7.230,95"
eMAG,"Apple MacBook Neo 13"" Retina cu procesor Apple A18 Pro 6 nuclee CPU, 5 nuclee GPU, 16 nuclee NeuralEngine, 8GB RAM, 256GB SSD, Indigo, Tastatura Internationala, Manual RO","3.399,99"
eMAG,"Laptop Apple MacBook Air 13"", cu procesor Apple M4, 10 nuclee CPU si 8 nuclee GPU, 16GB RAM, 256GB, Midnight, Tastatura Internationala, Manual RO","4.499,99"
eMAG,"Laptop Apple MacBook Air 13"", cu procesor Apple M4, 10 nuclee CPU si 8 nuclee GPU, 16GB RAM, 256GB, Sky Blue, Tastatura Internationala, Manual RO","4.799,99"
eMAG,"Laptop Gaming Acer Nitro V15 ANV15-51-72C4 cu procesor Intel® Core™ i7-13620H pana la 4.9GHz, 15.6'', Full HD, IPS, 165Hz, 16GB DDR5 RAM, 1TB SSD, NVIDIA® GeForce RTX™ 4050 6GB GDDR6, No OS, Obsidian Black","6.721,27"
eMAG,"Laptop Lenovo IdeaPad Slim 3 15AMN8 cu procesor AMD Ryzen™ 5 7520U pana la 4.3GHz, 15.6"" Full HD, 16GB LPDDR5 RAM, 512GB SSD, AMD Radeon™ 610M Graphics, No OS, Abyss Blue","2.099,99"
eMAG,"Apple MacBook Neo 13"" Retina cu procesor Apple A18 Pro 6 nuclee CPU, 5 nuclee GPU, 16 nuclee NeuralEngine, 8GB RAM, 256GB SSD, Silver, Tastatura Internationala, Manual RO","3.399,99"
eMAG,"Laptop Lenovo Yoga Pro 9 16IAH10 cu procesor Intel® Core™ Ultra 9 285H pana la 5.4GHz, 16"" 3.2K, OLED, 120Hz, Touch, 32GB LPDDR5x RAM, 1TB SSD, NVIDIA® GeForce RTX™ 5060 8GB GDDR7, Windows® 11 Home, Luna Grey, 3y on-site Premium Care","14.387,02"
eMAG,"Laptop Apple MacBook Air 13"", cu procesor Apple M4, 10 nuclee CPU si 10 nuclee GPU, 16GB RAM, 512GB, Midnight, Tastatura Internationala, Manual RO","5.229,99"
eMAG,"Apple MacBook Pro 14'' cu procesor Apple M5, 10 nuclee CPU, 10 nuclee GPU, 32GB RAM, 1TB SSD, Silver, Tastatura Internationala, Manual RO","12.554,03"
eMAG,"Apple MacBook Neo 13"" Retina cu procesor Apple A18 Pro 6 nuclee CPU, 5 nuclee GPU, 16 nuclee NeuralEngine, 8GB RAM, 512GB SSD, Indigo, Tastatura Internationala, Manual RO","3.799,99"
eMAG,"Laptop Gaming Lenovo LOQ 15ARP10E cu procesor AMD Ryzen™ 7 7735HS pana la 4.75GHz, 15.6"" Full HD, IPS, 144Hz, 16GB DDR5 RAM, 512GB SSD, NVIDIA® GeForce RTX™ 4050 6GB GDDR6, No OS, Luna Grey","3.749,99"
eMAG,"Laptop Apple MacBook Air 15"", cu procesor Apple M4, 10 nuclee CPU si 10 nuclee GPU, 16GB RAM, 256GB, Silver, Tastatura Internationala, Manual RO","5.499,99"
eMAG,"Laptop Lenovo V15 G4 IRU cu procesor Intel® Core™ i5-13420H pana la 4.6 GHz, 15.6"", Full HD, IPS, 8GB DDR4 RAM, 512GB SSD, Intel® UHD Graphics, No OS, Business Black, 3y Carry-in","2.299,99"
eMAG,"Apple MacBook Air 13'' cu procesor Apple M5, 10 nuclee CPU, 8 nuclee GPU, 16GB RAM, 512GB SSD, Silver, Tastatura Internationala, Manual RO","6.169,99"
eMAG,"Apple MacBook Neo 13"" Retina cu procesor Apple A18 Pro 6 nuclee CPU, 5 nuclee GPU, 16 nuclee NeuralEngine, 8GB RAM, 512GB SSD, Blush, Tastatura Internationala, Manual RO","3.799,99"
eMAG,"Apple MacBook Air 13'' cu procesor Apple M5, 10 nuclee CPU, 10 nuclee GPU, 24GB RAM, 1TB SSD, Midnight, Tastatura Internationala, Manual RO","8.639,99"
eMAG,"Laptop Apple MacBook Air 13"", cu procesor Apple M4, 10 nuclee CPU si 10 nuclee GPU, 16GB RAM, 512GB, Sky Blue, Tastatura Internationala, Manual RO","5.259,99"
eMAG,"Laptop Gaming Lenovo LOQ 15IRX9 cu procesor Intel® Core i7-13650HX pana la 4.9GHz, 15.6"" Full HD, IPS, 144Hz, 16GB DDR5 RAM, 512GB SSD, NVIDIA® GeForce RTX™ 3050 6GB GDDR6, No OS, Luna Grey","3.799,99"
eMAG,"Laptop 14"" cu procesor Intel Celeron N4120, 8GB RAM, 512GB SSD, 1920*1080 FHD, Windows 11 Pro, Intel® UHD Graphics 600, 5GHz Wifi, 5000mAh, Argintiu","1.299,54"
eMAG,"Apple MacBook Air 13'' cu procesor Apple M5, 10 nuclee CPU, 8 nuclee GPU, 16GB RAM, 512GB SSD, Midnight, Tastatura Internationala, Manual RO","6.404,02"
eMAG,"Laptop Apple MacBook Air 13"", cu procesor Apple M4, 10 nuclee CPU si 8 nuclee GPU, 16GB RAM, 256GB, Silver, Tastatura Internationala, Manual RO","4.499,99"
eMAG,"Apple MacBook Neo 13"" Retina cu procesor Apple A18 Pro 6 nuclee CPU, 5 nuclee GPU, 16 nuclee NeuralEngine, 8GB RAM, 256GB SSD, Citrus, Tastatura Internationala, Manual RO","3.399,99"
eMAG,"Laptop Lenovo IdeaPad Slim 3 15AMN8 cu procesor AMD Ryzen™ 5 7520U pana la 4.3GHz, 15.6"" Full HD, 16GB LPDDR5 RAM, 512GB SSD, AMD Radeon™ 610M Graphics, Windows® 11 Home, Abyss Blue","3.793,62"
eMAG,"Laptop Asus VivoBook 15 X1504VA-BQ2886, 15.6 inch 1920 x 1080, Intel Core 5 - 120U 10 C / 12 T, 5.0 GHz, 12 MB cache, 15 W, 8 GB RAM, 512 GB SSD, Intel Graphics, Fara sistem de operare, Tastatura English, Albastru","2.590,45"
eMAG,"Laptop Apple MacBook Air 15"", cu procesor Apple M4, 10 nuclee CPU si 10 nuclee GPU, 16GB, 256GB, Midnight, Tastatura Internationala, Manual RO","5.399,99"
eMAG,"Laptop Apple MacBook Air 13"", cu procesor Apple M4, 10 nuclee CPU si 8 nuclee GPU, 16GB RAM, 256GB, Starlight, Tastatura Internationala, Manual RO","4.799,99"
eMAG,"Apple MacBook Neo 13"" Retina cu procesor Apple A18 Pro 6 nuclee CPU, 5 nuclee GPU, 16 nuclee NeuralEngine, 8GB RAM, 512GB SSD, Silver, Tastatura Internationala, Manual RO","3.799,99"
eMAG,"Laptop Acer Aspire Go 14 AG14-72P-51H6, display 14 inch, procesor Intel Core i5, rezoluție 1920x1200","2.571,99"
eMAG,"Apple MacBook Air 15'' cu procesor Apple M5, 10 nuclee CPU, 10 nuclee GPU, 16GB RAM, 512GB SSD, Midnight, Tastatura Internationala, Manual RO","7.499,99"
eMAG,"Laptop Gaming Acer Nitro Lite 16 NL16-71G-57M9 cu procesor Intel® Core™ i5-13420H pana la 4.7GHz, 16'', WUXGA, IPS, 165Hz, 16GB DDR5 RAM, 512GB SSD, NVIDIA® GeForce RTX™ 3050 6GB GDDR6, No OS, Shale Black","3.499,99"
eMAG,"Apple MacBook Pro 14'' cu procesor Apple M5 Pro, 15 nuclee CPU, 16 nuclee GPU, 24GB RAM, 1TB SSD, Silver, Tastatura Internationala, Manual RO","12.829,99"
eMAG,"Laptop ASUS Vivobook 15 E1504FA cu procesor AMD Ryzen™ 3 7320U pana la 4.1GHz, 15.6'', Full HD, IPS, 8GB LPDDR5 RAM, 512GB SSD, AMD Radeon™ Graphics, No OS, Mixed Black","1.749,99"
eMAG,"Apple MacBook Air 15'' cu procesor Apple M5, 10 nuclee CPU, 10 nuclee GPU, 16GB RAM, 512GB SSD, Sky Blue, Tastatura Internationala, Manual RO","7.649,99"
eMAG,"Laptop Apple MacBook Pro 14"" cu procesor Apple M5, 10 nuclee CPU si 10 nuclee GPU, 16GB RAM, 512GB SSD, Space Black, Tastatura Internationala, Manual RO","8.799,99"
eMAG,"Laptop Lenovo IdeaPad Slim 3 15IRH10 cu procesor Intel® Core™ i5-13420H pana la 4.6GHz, 15.3"" WUXGA, IPS, 16GB DDR5 RAM, 512GB SSD, Intel® UHD Graphics, No OS, METAL, Luna Grey","2.349,99"
eMAG,"Laptop Acer Aspire Lite 15 AL15-41P-R7LQ cu procesor AMD Ryzen™ 3 5300U pana la 3.80 GHz, 15,6"" , Full HD, IPS 16GB DDR4 RAM, 512GB SSD, AMD Radeon™ Graphics, No OS, Light Silver","1.699,99"
eMAG,"Laptop Acer Aspire Lite 15 AL15-72P-54J8 cu procesor Intel® Core™ i5-13420H pana la 4.6GHz, 15.6'', Full HD, IPS, 16GB DDR5 RAM, 512GB SSD, Intel® UHD Graphics, No OS, Pure Silver","2.499,99"
eMAG,"Laptop Apple MacBook Pro 14"" cu procesor Apple M5, 10 nuclee CPU si 10 nuclee GPU, 24GB RAM, 1TB SSD, Space Black, Tastatura Internationala, Manual RO","10.499,99"
eMAG,"Laptop Apple MacBook Air 13"", cu procesor Apple M4, 10 nuclee CPU si 10 nuclee GPU, 24GB RAM, 512GB, Sky Blue, Tastatura Internationala, Manual RO","6.399,99"
eMAG,"Laptop Gaming HP Victus 16-s0101nq cu procesor AMD Ryzen™ 7 7840HS pana la 5.1 GHz, 16.1"", Full HD, IPS, 144Hz, 32GB DDR5, 1TB SSD, NVIDIA GeForce RTX 4070 8GB, Free DOS, Mica Silver","9.499,71"
eMAG,"Apple MacBook Air 13'' cu procesor Apple M5, 10 nuclee CPU, 8 nuclee GPU, 16GB RAM, 512GB SSD, Sky Blue, Tastatura Internationala, Manual RO","5.997,49"
eMAG,"Apple MacBook Neo 13"" Retina cu procesor Apple A18 Pro 6 nuclee CPU, 5 nuclee GPU, 16 nuclee NeuralEngine, 8GB RAM, 256GB SSD, Blush, Tastatura Internationala, Manual RO","3.399,99"
eMAG,"Laptop Gaming Lenovo LOQ 15IRX9 cu procesoare Intel® Core i7-13650HX pana la 4.9GHz, 15.6"" Full HD, IPS, 144Hz, 16GB DDR5 RAM, 512GB SSD, NVIDIA® GeForce RTX™ 4050 6GB GDDR6, No OS, Luna Grey","4.499,99"
eMAG,"Apple MacBook Air 13'' cu procesor Apple M5, 10 nuclee CPU, 8 nuclee GPU, 16GB RAM, 512GB SSD, Starlight, Tastatura Internationala, Manual RO","5.999,99"
eMAG,"Laptop Panasonic Toughbook 40 MK1 FZ-40BZ01HME, 14 inch 1920 x 1080 Touchscreen, Intel 1145G7 4 C / 8 T, 2.4 GHz - 4.4 GHz, 8 MB cache, 16 GB DDR4, 512 GB SSD, Intel Graphics, Windows 10","28.225,77"
eMAG,"Laptop Lenovo IdeaPad Slim 5 14AHP10 cu procesor AMD Ryzen™ 7 8845HS pana la 5.1GHz, 14'' WUXGA, IPS, 16GB DDR5 RAM, 1TB SSD, AMD Radeon™ 780M Graphics, No OS, Cosmic Blue","3.499,99"
eMAG,"Apple MacBook Neo 13"" Retina cu procesor Apple A18 Pro 6 nuclee CPU, 5 nuclee GPU, 16 nuclee NeuralEngine, 8GB RAM, 512GB SSD, Citrus, Tastatura Internationala, Manual RO","3.799,99"
eMAG,"Laptop Gaming Acer Nitro V 15 ANV15-52-953S cu procesor Intel® Core™ i9-13900H pana la 5.4GHZ, 15.6"" Full HD, IPS, 165Hz, 32GB DDR4, 1TB SSD, NVIDIA® GeForce RTX™ 5060, No OS, Black","6.999,99"
eMAG,"Laptop ASUS Vivobook S16 S3607VA cu procesor Intel Core i5-13420H pana la 4.6GHz, 16'', WUXGA, IPS, 144Hz, 16GB DDR5 RAM, 1TB SSD, Intel UHD Graphics, No OS, Matte Gray","2.899,99"
eMAG,"Apple MacBook Pro 14'' cu procesor Apple M5 Pro, 15 nuclee CPU, 16 nuclee GPU, 24GB RAM, 1TB SSD, Space Black, Tastatura Internationala, Manual RO","13.295,25"
eMAG,"Laptop Lenovo IdeaPad 5 2-in-1 14IRH9 cu procesor Intel® Core™ i7-13620H pana la 4.9GHz, 14"" WUXGA, OLED, Touch, 16GB LPDDR5x RAM, 1TB SSD, Intel® UHD Graphics, No OS, Luna Grey","4.239,99"
eMAG,"Laptop Gaming Lenovo Legion 7 16IAX10 cu procesor Intel® Core™ Ultra 9 275HX pana la 5.4GHz, 16"" WQXGA, OLED, 240Hz, 32GB DDR5 RAM, 1TB SSD, NVIDIA® GeForce RTX™ 5070 8GB GDDR7, No OS, Glacier White, 3y on-site Premium Care","10.399,99"
eMAG,"Laptop Gaming Acer Nitro Lite 16 NL16-71G-751G cu procesor Intel® Core™ i7-13620H pana la 4.90 GHz, 16'', WUXGA, IPS, 165Hz, 16GB DDR5 RAM, 512GB SSD, NVIDIA® GeForce RTX™ 3050 6GB GDDR6, No OS, Shale Black","4.099,99"
eMAG,"Laptop Gaming Lenovo LOQ 15IRX9 cu procesor Intel® Core™ i7-13650HX pana la 4.9GHz, 15.6"" Full HD, IPS, 144Hz, 24GB DDR5, 1TB SSD, NVIDIA® GeForce RTX™ 4050 6GB GDDR6, No OS, Luna Grey","5.199,99"
eMAG,"Laptop ASUS ExpertBook P1 P1503CVA cu procesor Intel® Core™ i3-1315U pana la 4.5GHz, 15.6'', Full HD, 8GB DDR5 RAM, 256GB SSD, Intel® UHD Graphics, No OS, Misty Grey","de la 1.599,99"
eMAG,"Laptop ASUS Vivobook 15 M1502YA cu procesor AMD Ryzen™ 5 7430U pana la 4.3 GHz, 15.6'', Full HD, IPS, 8GB DDR4, 512GB SSD, AMD Radeon™ Graphics, No OS, Quiet Blue","1.799,99"
eMAG,"Laptop Lenovo IdeaPad Slim 3 15AMN8 cu procesor AMD Ryzen™ 3 7320U pana la 4.1GHz, 15.6"" Full HD, 8GB LPDDR5 RAM, 256GB SSD, AMD Radeon™ 610M Graphics, No OS, Arctic Grey","1.699,99"
eMAG,"Laptop Lenovo V15 G4 IRU cu procesor lntel® Core™ i5-13420H pana la 4.6GHz, 15.6"", Full HD, IPS, 16GB DDR4 RAM, 1TB SSD, Intel® UHD Graphics, No OS, Business Black","2.699,99"
eMAG,"Laptop Lenovo IdeaPad Slim 3 15IAN8 cu procesor Intel® N100 pana la 3.4GHz, 15.6"" FHD, 8GB LPDDR5, 128GB UFS, Intel® UHD Graphics, Windows® 11 Home S, Arctic Grey","2.544,24"
eMAG,"Laptop Auusda cu procesor Intel Alder Celeon N5100,4C/4T, 16GB, 512Go SSD, 15 ""6"" FHD, Windows 11, Intel UHD Graphics, Roz","1.996,50"
eMAG,"Laptop ASUS Zenbook A14 UX3407RA cu procesor Snapdragon® X Elite X1E 78 100 pana la 3.4GHz, 14'', WUXGA, OLED, 16GB LPDDR5X RAM, 1TB SSD, Qualcomm® Adreno™ GPU, Windows 11 Pro, Zabriskie Beige","6.335,00"
eMAG,"Laptop Gaming MSI Cyborg 15 B13WEKG cu procesor Intel® Core™ i7-13620H pana la 4.90 GHz, 15.6"", Full HD, 144Hz, 16GB RAM, 512GB SSD, NVIDIA GeForce RTX 5050 8GB, Free DOS","4.799,99"
eMAG,"Laptop Getac V110 G4 VG21ZCK4BPBX, 11.6 inch 1366 x 768 Touchscreen, Intel, 2.5 GHz, 8 GB RAM, 128 GB SSD, Intel Graphics, Windows 10 Pro","18.051,46"
eMAG,"Laptop ASUS Vivobook 15 A1502VA cu procesor Intel® Core™ i5-13420H pana la 4.6GHz, 15.6'', Full HD, IPS, 16GB DDR4 RAM, 512GB SSD, Intel® UHD Graphics, No OS, Cool Silver","2.299,99"
eMAG,"Laptop HP 15-fc0038nq cu procesor AMD Ryzen™ 7 5825U pana la 4.5GHz, 15.6'', Full HD, 16GB DDR4 RAM, 1TB SSD, AMD Radeon™ Graphics, Free DOS, Grey","2.199,99"
eMAG,"Apple MacBook Pro 16'' cu procesor Apple M5 Pro, 18 nuclee CPU, 20 nuclee GPU, 24GB RAM, 1TB SSD, Silver, Tastatura Internationala, Manual RO","15.399,99"
eMAG,"Laptop Lenovo V15 G5 IRL cu procesor Intel® Core i3-1315U pana la 4.5GHZ, 15.6"" Full HD, 16GB DDR5 RAM, 512GB SSD, Intel® UHD Graphics, No OS, Business Black","2.028,69"
eMAG,"Laptop Lenovo V15 G5 IRL cu procesor Intel® Core i3-1315U pana la 4.50 GHz, 15.6"" FHD, 8GB RAM, 512GB SSD, Intel® UHD Graphics, No OS","1.799,99"
eMAG,"Laptop Business Dell Pro 15 Essential cu procesor Intel® Core™ i7-1355U pana la 5.00 GHz, 15.6"", Full HD, 120Hz, 16GB RAM, 512GB SSD, Intel® UHD Graphics, Windows 11 Pro, FPR, Backlit, 3y ProSupport and Next Business Day Onsite","3.899,99"
eMAG,"Laptop Apple MacBook Air 13"", cu procesor Apple M4, 10 nuclee CPU si 10 nuclee GPU, 24GB RAM, 512GB, Midnight, Tastatura Internationala, Manual RO","6.952,42"
eMAG,"Laptop HP ProBook 4 G1i, 14 inch 1920 x 1200, Intel Core Ultra 7 255U 12 C / 14 T, 2.4 GHz - 5.2 GHz, 12 MB cache, 24 GB DDR5-SDRAM, 1 TB SSD, Intel Graphics, Windows 11 Pro","6.220,30"
eMAG,"Laptop Lenovo V15 G4 IRU cu procesor Intel® Core™ i5-13420H pana la 4.6GHz, 15.6"" Full HD, IPS, 16GB DDR4 RAM, 512GB SSD, Intel® UHD Graphics, No OS, Business Black","2.499,99"
eMAG,Laptop CHUWI MiniBook-X-2023-P-K3-SR N150 10.51inch WXGA Touch IPS 16GB 512GB Windows 11 Pro Silver,"2.670,09"
eMAG,"Apple MacBook Air 15'' cu procesor Apple M5, 10 nuclee CPU, 10 nuclee GPU, 24GB RAM, 1TB SSD, Silver, Tastatura Internationala, Manual RO","10.469,99"
eMAG,"Laptop Lenovo IdeaPad 1 15IJL7 cu procesor Intel® Pentium® Silver N6000 pana la 3.3GHz, 15.6"", Full HD, 4GB DDR4 RAM, 128GB eMMC, Intel® UHD Graphics, Windows® 11 Home in S mode, Cloud Grey","1.465,71"
eMAG,"Laptop Gaming ASUS TUF F17 FX707VJ cu procesor Intel® Core™ 5 210H pana la 4.8GHz, 17.3'', Full HD, 144Hz, IPS, 16GB DDR4 RAM, 512GB SSD, NVIDIA® GeForce RTX™ 3050 6GB GDDR6, No OS, Mecha Gray","6.413,00"
eMAG,"Laptop Lenovo IdeaPad Slim 3 16AHP10 cu procesor AMD Ryzen™ 7 8840HS pana la 5.1GHz, 16"" WUXGA, IPS, 24GB SSD, 1TB SSD, AMD Radeon™ 780M Graphics, No OS, Cosmic Blue, Aluminiu","3.399,99"
eMAG,"Laptop Gaming Acer Nitro V 15 ANV15-52-7186 cu procesor Intel® Core™ i7-13620H pana la 4.9GHz, 15.6"" Full HD, IPS, 165Hz, 16GB DDR4 RAM, 1TB SSD, NVIDIA® GeForce RTX™ 5060 8GB GDDR7, No OS, Obsidian Black","5.699,99"
eMAG,"Laptop Lenovo IdeaPad 1 15IJL7 cu procesor Intel® Celeron® N4500 pana la 2.8GHz, 15.6"" Full HD, 4GB DDR4 RAM, 256GB SSD, Intel® UHD Graphics, No OS, Cloud Grey","1.299,99"
eMAG,"Laptop Acer Aspire Lite 15 AL15-72P-595Y cu procesor Intel® Core™ i5-13500H pana la 4.70 GHz, 15,6"" Full HD, IPS, 16GB DDR5 RAM, 512GB SSD, Intel® UHD Graphics, No OS, Pure Silver","2.399,99"
eMAG,"Laptop Lenovo IdeaPad Slim 3 15IRH10 cu procesor Intel® Core™ i5-13420H pana la 4.6GHz, 15.3"" WUXGA, IPS, 16GB DDR5 RAM, 1TB SSD, Intel® UHD Graphics, No OS, METAL, Luna Grey","2.599,99"
eMAG,"Laptop Apple MacBook Air 15"", cu procesor Apple M4, 10 nuclee CPU si 10 nuclee GPU, 24GB RAM, 512GB, Sky Blue, Tastatura Internationala, Manual RO","7.399,99"
eMAG,"Laptop Business Dell Pro 15 Essential cu procesor Intel® Core™ i5-1334U pana la 4.60 GHz, 15.6"", Full HD, 120Hz, 16GB RAM, 512GB SSD, Intel® UHD Graphics, Windows 11 Pro, FPR, Backlit, 3y ProSupport and Next Business Day Onsite","3.199,99"
eMAG,"Laptop Apple MacBook Air 13"", cu procesor Apple M4, 10 nuclee CPU si 10 nuclee GPU, 16GB RAM, 512GB, Starlight, Tastatura Internationala, Manual RO","5.716,79"
eMAG,"Laptop Apple MacBook Air 13"", cu procesor Apple M4, 10 nuclee CPU si 10 nuclee GPU, 24GB RAM, 512GB, Silver, Tastatura Internationala, Manual RO","6.399,99"
eMAG,"Laptop Apple MacBook Air 15"", cu procesor Apple M4, 10 nuclee CPU si 10 nuclee GPU, 16GB RAM, 512GB, Midnight, Tastatura Internationala, Manual RO","6.399,99"
eMAG,"Laptop 14"" cu procesor Intel Celeron J4105, 8GB RAM, 128GB SSD, 1920*1080 FHD, Windows 11 Pro, Intel® UHD Graphics 600, 5GHz Wifi, 5000mAh, Argintiu","1.199,11"
eMAG,"Laptop Blackview Acebook 6, 16GB DDR4 512GB SSD, Intel N150 3.6GHz/ Intel UHD Graphics, Win11 Home, 38Wh, 15.6"" FHD+, HDMI 2.0, Bluetooth 5.0, USB 3.0, WLAN 5G, Gri","1.999,98"
eMAG,"Laptop Lenovo Yoga 7 2-in-1 14ILL10 cu procesor Intel® Core Ultra 7 258V pana la 4.8GHz, 14"" 2.8K WQXGA+ , OLED, 120Hz,Touch, 32GB LPDDR5x RAM, 1TB SSD, Intel® Arc™ Graphics, Windows® 11 Pro, Luna Grey, 3y on-site Premium Care","7.910,99"
eMAG,"Laptop Gaming Lenovo LOQ 17IRX10 cu procesor Intel® Core™ i7-14700HX pana la 5.5GHz, 17.3"" Full HD, IPS, 165Hz, 32GB DDR5 RAM, 1TB SSD, NVIDIA® GeForce RTX™ 5070 8GB GDDR7, No OS, Luna Grey","8.399,99"
eMAG,"Laptop ASUS Vivobook S14 S3407VA cu procesor Intel® Core™ i7-13620H pana la 4.9GHz, 14'', WUXGA, IPS, 16GB DDR5 RAM, 1TB SSD, Intel® UHD Graphics, No OS, Matte Gray","3.099,99"
eMAG,"Laptop Apple MacBook Pro 14"" cu procesor Apple M5, 10 nuclee CPU si 10 nuclee GPU, 24GB RAM, 1TB SSD, Silver, Tastatura Internationala, Manual RO","10.949,99"
eMAG,"Laptop Apple MacBook Air 13"", cu procesor Apple M4, 10 nuclee CPU si 10 nuclee GPU, 16GB RAM, 512GB, Silver, Tastatura Internationala, Manual RO","5.716,79"
eMAG,"Laptop Lenovo IdeaPad Slim 5 13ARP10 cu procesor AMD Ryzen™ 5 7535HS pana la 4.55GHz, 13.3'' WUXGA, IPS, 16GB LPDDR5x RAM, 512GB SSD, AMD Radeon™ 660M Graphics, No OS, Polar Blue","2.999,99"
eMAG,"Laptop ultraportabil Lenovo Yoga Slim 7 14Q8X9 cu procesor Qualcomm® Snapdragon® X Elite X1E-78-100 pana la 3.4GHz, 14.5"", 3K, OLED, Touch, 32GB LPDDR5x, 1TB SSD, Qualcomm® Adreno™ GPU, Windows 11 Pro, Cosmic Blue, 3Y Courier/Carry-in upgrade","7.934,56"
eMAG,"Laptop HP 17-cn3005nq cu procesor Intel® Core™ i5-1334U pana la 4.6GHz, 17.3'', Full HD, IPS, 16GB RAM, 512GB SSD, Intel® Iris® Xe, Free DOS, Black","2.599,99"
eMAG,"Laptop HP EliteBook 8 G1i, 16 inch, Intel Core Ultra 7 255H 16 C / 26 T, 2.5 GHz - 5.1 GHz, 24 MB cache, 28 W, 32 GB RAM, 1 TB SSD, Intel Graphics, Windows 11 Pro","8.291,46"
eMAG,"Laptop Gaming ASUS TUF F17 FX707VJ cu procesor Intel® Core™ 5 210H pana la 4.8GHz, 17.3'', Full HD, 144Hz, IPS, 16GB DDR4 RAM, 1TB SSD, NVIDIA® GeForce RTX™ 3050 6GB GDDR6, No OS, Mecha Gray","4.199,99"
eMAG,"Laptop Lenovo V15 G5 IRL cu procesor Intel® Core i7-13620H pana la 4.9GHZ, 15.6"" Full HD, IPS, 32GB DDR5 RAM, 1TB SSD, Intel® UHD Graphics, No OS, Business Black","3.749,99"
eMAG,"Laptop Acer Aspire Lite 15 AL15-72P-71X1 cu procesor Intel® Core™ i7-13620H up to 4.90 GHz, 15.6'', Full HD, IPS, 16GB DDR5 RAM, 1TB SSD, Intel® UHD Graphics, No OS, Pure Silver","3.099,99"
eMAG,"Laptop Acer Aspire Lite 15 cu procesor Intel® Celeron® N4500 pana la 2.8GHz, 15.6'', Full HD, IPS, 8GB LPDDR4X, 256GB SSD, Intel® UHD Graphic, No OS, Pure Silver","1.299,99"
eMAG,"Laptop Gaming ASUS ROG Strix G18 G814PM cu procesor AMD Ryzen™ 9 8940HX pana la 5.3GHz, 18'', Full HD+, WUXGA, 144Hz, IPS, 32GB DDR5 RAM, 1TB SSD, NVIDIA® GeForce RTX™ 5060 8GB GDDR7, No OS, Eclipse Gray","9.299,99"
eMAG,"Laptop ASUS Vivobook 16 A1605VA cu procesor Intel® Core™ i5-13420H pana la 4.6GHz, 16'', WUXGA, IPS, 16GB DDR4 RAM, 1TB SSD, Intel® UHD Graphics, No OS, Indie Black","2.899,99"
eMAG,"Laptop Lenovo IdeaPad Slim 5 15ARP10 cu procesor AMD Ryzen™ 7 7735HS pana la 4.75GHz, 15.3"" WUXGA, IPS, 16GB LPDDR5x RAM, 512GB SSD, AMD Radeon™ 680M Graphics, No OS, Seafoam Green","2.849,99"
eMAG,"Laptop HP 250R G10, 15.6 inch 1920x1080, Intel Core 5 -120U 10 C / 12 T, 5.0 GHz, 12 MB cache, 15 W, 16 GB DDR4, 512 GB SSD, Intel Graphics, Windows 11 Pro, Tastatura International, Argintiu","3.997,49"
eMAG,"Laptop Apple MacBook Air 15"", cu procesor Apple M4, 10 nuclee CPU si 10 nuclee GPU, 16GB RAM, 512GB, Sky Blue, Tastatura Internationala, Manual RO","6.399,99"
eMAG,"Laptop Gaming Acer Nitro V 15 ANV15-52-54CB cu procesor Intel® Core™ i5-13420H pana la 4.7GHz, 15.6"" Full HD, IPS, 165Hz, 16GB DDR4 RAM, 1TB SSD. NVIDIA® GeForce RTX™ 5050 8GB GDDR7, No OS, Obsidian Black","4.799,99"
eMAG,"Apple MacBook Air 13'' cu procesor Apple M5, 10 nuclee CPU, 10 nuclee GPU, 16GB RAM, 1TB SSD, Silver , Tastatura Internationala, Manual RO","7.399,99"
eMAG,"Laptop Gaming Acer Nitro V15 ANV15-52-95UT cu procesor Intel® Core™ i9-13900H pana la 5.40 GHz, 15.6"" FullHD, IPS, 165Hz, 16GB DDR4 RAM, 512GB SSD, NVIDIA® GeForce RTX™ 5060 8GB GDDR7, No OS, Obsidian Black","5.799,99"
eMAG,"Apple MacBook Pro 16'' cu procesor Apple M5 Max, 18 nuclee CPU, 32 nuclee GPU, 36GB RAM, 2TB SSD, Space Black, Tastatura Internationala, Manual RO","22.689,99"
eMAG,"Laptop HP EliteBook 8 Flip G1i, 13.3 inch WUXGA TOUCH (1920x1200) Anti Glare LowPower, LBL Image Recognition 400 nits, Intel Core Ultra 7-255U 12-Core (2.0GHz, up to 5.2GHz, 12MB)- 12 TOPS, video integrat Intel Graphics, RAM 32GB LPDDR5X 7500 MHz, SSD","10.180,99"
eMAG,"Laptop Business Dell Pro 15 Essential cu procesor Intel® Core™ i5-1334U pana la 4.60 GHz, 15.6"", Full HD, 120Hz, 16GB RAM, 512GB SSD, Intel® UHD Graphics, Ubuntu, FPR, Backlit, 3y ProSupport and Next Business Day Onsite","2.599,99"
eMAG,"Laptop ASUS Vivobook 15 A1502VA cu procesor Intel® Core™ i5-13420H pana la 4.6GHz, 15.6'', Full HD, IPS, 16GB DDR4 RAM, 512GB SSD, Intel® UHD Graphics, No OS, Quiet Blue","2.299,99"
eMAG,"Laptop Lenovo V15 G5 cu procesor Intel® Core™ i7-13620H pana la 4.90 GHz, 15.6"" Full HD, IPS, 32GB DDR5 RAM, 1TB SSD, Intel® UHD, Graphics, Windows® 11 Pro, Business Black, 3y on-site Premium Care","4.599,99"
eMAG,Laptop CHUWI Corebook-Plus-P-K2 Ryzen 5 5500U 16inch WUXGA 16GB 512GB Windows 11 Pro Negru,"2.644,07"
eMAG,"Laptop Asus Vivobook 15 X1502VA-BQ433, 15.6 inch 1920 x 1080, Intel Core I5-13420H 8 C / 12 T, 3.4 GHz - 4.6 GHz, 12 MB cache, 16 GB DDR4, 512 GB SSD, Intel UHD Graphics, Windows 11 Home, Albastru","3.351,70"
eMAG,"Apple MacBook Air 13'' cu procesor Apple M5, 10 nuclee CPU, 10 nuclee GPU, 16GB RAM, 1TB SSD, Starlight, Tastatura Internationala, Manual RO","7.399,99"
eMAG,"Laptop Gaming ASUS TUF F17 FX707VJ cu procesor Intel® Core™ 5 210H pana la 4.8GHz, 17.3'', Full HD, 144Hz, IPS, 32GB DDR4 RAM, 512GB SSD, NVIDIA® GeForce RTX™ 3050 6GB GDDR6, No OS, Mecha Gray","4.099,99"
eMAG,"Laptop Gaming Lenovo LOQ Essential 15IRX11 cu procesor Intel® Core i5-13450HX pana la 4.6GHz, 15.6"" FHD, IPS, 144Hz, 16GB DDR5, 512GB SSD, NVIDIA® GeForce RTX™ 5050 8GB GDDR7, NO OS, Luna Grey","4.249,99"
eMAG,"Laptop Lenovo IdeaPad Slim 3 15IRH10 cu procesor Intel® Core™ i5-13420H pana la 4.6GHz, 15.3"" WUXGA, IPS, 24GB DDR5 RAM, 1TB SSD, Intel® UHD Graphics, No OS, METAL, Luna Grey","2.699,99"
eMAG,"Laptop Asus Zenbook A14 UX3407QA-QD340X, 14 inch 1920 x 1200, Qualcomm X1-26-100 8 C / 8 T, 3.0 GHz - 3.0 GHz, 12 MB 6 MB cache, 32 GB LPDDR5X, 1 TB SSD, Qualcomm Adreno X1-45, Windows 11 Pro, Bej","6.280,19"
eMAG,"Laptop Lenovo ThinkPad T14s G4 Ryzen 5 PRO 7540U 14.0"" WUXGA IPS 16GB SSD512 Deep Black","6.828,18"
eMAG,"Apple MacBook Air 15'' cu procesor Apple M5, 10 nuclee CPU, 10 nuclee GPU, 16GB RAM, 512GB SSD, Starlight, Tastatura Internationala, Manual RO","7.649,99"
eMAG,"Laptop Apple MacBook Pro 14"" cu procesor Apple M5, 10 nuclee CPU si 10 nuclee GPU, 16GB RAM, 1TB SSD, Space Black, Tastatura Internationala, Manual RO","9.199,99"
eMAG,"Laptop Panasonic ToughBook 40 Mk2, 14 inch 1920 x 1080 Touchscreen, Intel Core Ultra 5 -125H 14 C / 18 T, 2.5 GHz - 4.5 GHz, 18 MB cache, 28 W, 16 GB DDR4, 512 GB SSD, Intel Arc Graphics, Windows 11 Pro, Tastatura Germana, Negru","26.033,19"
eMAG,"Apple MacBook Pro 14'' cu procesor Apple M5, 10 nuclee CPU, 10 nuclee GPU, 32GB RAM, 1TB SSD, Space Black, Tastatura Internationala, Manual RO","11.199,99"
eMAG,"Laptop Asus Vivobook Go 15 E1504FA-BQ2876, 15.6 inch 1920 x 1080, AMD Ryzen 3 - 7320U 4 C / 8 T, 2.4 GHz - 4.1 GHz, 2 MB 4 MB cache, 8 GB LPDDR5x, 512 GB SSD, AMD Radeon 610M, Windows 11 Home, Tastatura English, Negru","2.424,84"
eMAG,"Laptop Apple MacBook Pro 14"" cu procesor Apple M5, 10 nuclee CPU si 10 nuclee GPU, 16GB RAM, 512GB SSD, Silver, Tastatura Internationala, Manual RO","8.799,99"
eMAG,"Laptop Lenovo IdeaPad Slim 3 15IAN8 cu procesor Intel® N100 pana la 3.4GHz, 15.6"" Full HD, 4GB LPDDR5 RAM, 256GB SSD, Intel UHD Graphics, No OS, Arctic Grey","1.549,00"
eMAG,"Laptop ASUS Zenbook Duo UX8406CA cu procesor Intel® Core™ Ultra 7 255H pana la 5.1GHz, 14'', Full HD, OLED, Touch, 32GB LPDDR5X RAM, 1TB SSD, Intel® Arc™ Graphics, Windows 11 Pro, Inkwell Gray, 3Y PUR","8.199,99"
eMAG,"Laptop Acer Aspire Lite 15 AL15-32P-C49X cu procesor Intel® Celeron® N4500 pana la 2.8GHz, 15.6"", Full HD, IPS, 8GB DDR4, 256GB SSD, Intel® UHD Graphics, NO OS, Silver","1.199,99"
eMAG,"Laptop Lenovo IdeaPad Slim 5 16ARP10 cu procesor AMD Ryzen™ 5 7535HS pana 4.55GHz, 16"" WUXGA, IPS, 16GB DDR5 RAM, 512GB SSD, AMD Radeon™ 660M Graphics, No OS, Luna Grey","2.799,99"
eMAG,"Apple MacBook Air 15'' cu procesor Apple M5, 10 nuclee CPU, 10 nuclee GPU, 24GB RAM, 1TB SSD, Midnight, Tastatura Internationala, Manual RO","10.390,69"
eMAG,"Laptop Lenovo IdeaPad Slim 3 15IRU8 cu procesor Intel® Core i3-1315U pana la 4.5GHz, 15.6"" Full HD, IPS, 8GB DDR5 RAM, 512GB SSD, Intel® UHD Graphics, No OS, Arctic Grey","1.749,99"
eMAG,"Laptop Lenovo IdeaPad Slim 3 15IRH10 cu procesor Intel® Core™ i7-13620H pana la 4.9GHz, 15.3"" WUXGA, IPS, 16GB DDR5 RAM, 1TB SSD, Intel® UHD Graphics, No OS, METAL, Cosmic Blue","2.899,99"
eMAG,"Laptop Lenovo IdeaPad Slim 3 15IRH10 cu procesor Intel® Core i5-13420H pana la 4.6GHz, 15.3"" WUXGA, IPS, 16GB DDRR5 RAM, 512GB SSD, Intel® UHD Graphics, Windows® 11 Home, Luna Grey","2.999,99"
eMAG,"Laptop Gaming ASUS TUF A17 cu procesor AMD Ryzen™ 7 7445HS pana la 4.7GHz, 17.3'', Full HD, 144Hz, IPS, 16GB DDR5 RAM, 512GB SSD, NVIDIA® GeForce RTX™ 4050 6GB GDDR6, No OS, Mecha Grey","4.949,99"
eMAG,"Laptop Gaming Lenovo LOQ 15ARP10E cu procesor AMD Ryzen™ 5 7535HS pana la 4.55GHz, 15.6"" Full HD, IPS, 144Hz, 16GB DDR5 RAM, 1TB SSD, NVIDIA® GeForce RTX™ 3050 6GB GDDR6, No OS, Luna Grey","3.399,99"
eMAG,"Laptop ASUS ExpertBook P1 P1503CVA cu procesor Intel® Core™ i3-1315U pana la 4.5GHz, 15.6'', Full HD, 8GB DDR5 RAM, 512GB SSD, Intel® UHD Graphics, No OS, Misty Grey","2.370,91"
eMAG,"Laptop Gaming MSI Thin 15 B13UC-3430XRO cu procesor Intel® Core i5-13420H pana la 4.6GHz, 15.6"" Full HD, 144Hz, IPS, 16GB DDR4 RAM, 512GB SSD, NVIDIA GeForce RTX 3050 4GB GDDR6, No OS, Black","3.699,99"
eMAG,"Laptop Apple MacBook Air 13"" cu procesor Apple M4, 10 nuclee CPU si 8 nuclee GPU, 16GB RAM, 256GB, Sky Blue, Tastatura US, Manual RO","4.799,99"
eMAG,"Laptop HP ProBook 4 G1i, 16 inch 1920 x 1200, Intel Core Ultra 7 - 255H 16 C / 16 T, 5.1 GHz, 24 MB cache, 28 W, 32 GB DDR5, 1 TB SSD, nVidia Geforce RTX 3050, Free DOS, Tastatura English, Argintiu","7.258,68"
eMAG,"Apple MacBook Pro 16'' cu procesor Apple M5 Pro, 18 nuclee CPU, 20 nuclee GPU, 24GB RAM, 1TB SSD, Space Black, Tastatura Internationala, Manual RO","15.399,99"
eMAG,"Laptop Business Dell Pro 15 Essential cu procesor Intel® Core™ i7-1355U pana la 5.00 GHz, 15.6"", Full HD, 120Hz, 16GB RAM, 512GB SSD, Intel® UHD Graphics, Ubuntu, FPR, Backlit, 3y ProSupport and Next Business Day Onsite","2.999,99"
eMAG,"Laptop Lenovo IdeaPad Slim 5 14IRH10R cu procesor Intel® Core 7 240H pana la 5.2GHz, 14"" WUXGA, OLED, 32GB DDR5 RAM, 1TB SSD, Intel® Graphics, No OS, Luna Grey","4.099,99"
eMAG,"Laptop Apple MacBook Pro 14"" cu procesor Apple M4 Pro, 12 nuclee CPU si 16 nuclee GPU, 24GB RAM, 512GB SSD, Space Black, Tastatura Internationala, Manual RO","10.499,99"
eMAG,"Laptop Gaming Lenovo Legion Pro 5 16AFR10 cu procesor AMD Ryzen™ 9 9955HX pana la 5.40 GHz, 16"" WQXGA OLED, 32GB RAM, 2 x 1TB SSD M.2 2280, NVIDIA® GeForce RTX™ 5070 8GB GDDR7, No OS, Eclipse Black","10.499,99"
eMAG,"Laptop Lenovo IdeaPad Slim 3 15ARP10 cu procesor AMD Ryzen™ 7 7735HS pana la 4.75GHz, 15.3"" WUXGA, IPS, 16GB DDR5 RAM, 1TB SSD, AMD Radeon™ 680M Graphics, No OS, Luna Grey","2.599,99"
eMAG,"Laptop ASUS Vivobook 15 M1502YA cu procesor AMD Ryzen™ 7 7730U pana la 4.5GHz, 15.6'', Full HD, IPS, 16GB DDR4, 512GB SSD, AMD Radeon™ Graphics, No OS, Cool Silver","2.399,99"
eMAG,"Laptop Panasonic TOUGHBOOK G2 MK2 FZ-G2EZ00HB4, 10.1 inch 1920 x 1200 Touchscreen, Intel Core i5-1245U 10 C / 12 T, 4.4 GHz, 12 MB cache, 16 GB DDR4, 512 GB SSD, Intel Graphics, Windows 11 Pro","19.478,28"
eMAG,"Laptop 14"" cu procesor Intel Celeron N4120, 8GB RAM, 256GB SSD, 1920*1080 FHD, Windows 11 Pro, Intel® UHD Graphics 600, 5GHz Wifi, 5000mAh, Argintiu","1.249,93"
eMAG,"Laptop ASUS V16 V3607VH cu procesor Intel® Core™ 7 240H pana la 5.2GHz, 16'', WUXGA, 144Hz, 16GB DDR5 RAM, 1TB SSD, NVIDIA® GeForce RTX™ 5050 8GB GDDR7, No OS, Matte Black","5.049,99"
eMAG,"Laptop Apple MacBook Air 15"", cu procesor Apple M4, 10 nuclee CPU si 10 nuclee GPU, 16GB RAM, 512GB, Starlight, Tastatura Internationala, Manual RO","6.399,99"
eMAG,"Laptop Gaming 15.6-inch IPS cu procesor AMD Ryzen 7 5825U,16GB DDR4 512GB M.2 2280 NVMe SSD, WIFI6, Windows 11 Pro","2.782,88"
eMAG,"Laptop Apple MacBook Pro 14"" cu procesor Apple M5, 10 nuclee CPU si 10 nuclee GPU, 16GB RAM, 1TB SSD, Silver, Tastatura Internationala, Manual RO","9.499,99"
eMAG,"Laptop ASUS Vivobook 18 M1807HA cu procesor AMD Ryzen™ 7 260 pana la 5.1GHz, 18'', WUXGA, IPS, 144Hz, 16GB DDR5 RAM, 1TB SSD, AMD Radeon™ 780M, No OS, Quiet Blue","4.299,99"
eMAG,"Apple MacBook Pro 16'' cu procesor Apple M5 Max, 18 nuclee CPU, 40 nuclee GPU, 48GB RAM, 2TB SSD, Silver, Tastatura Internationala, Manual RO","25.599,99"
eMAG,"Laptop Apple MacBook Air 15"", cu procesor Apple M4, 10 nuclee CPU si 10 nuclee GPU, 24GB RAM, 512GB, Starlight, Tastatura Internationala, Manual RO","7.399,99"
eMAG,"Laptop HP 255 G10 cu procesor AMD Ryzen™ 7 7730U pana la 4.5GHz, 15.6'', IPS, Full HD, 16GB DDR4, 1TB SSD, AMD Radeon™ Graphics, Free DOS, Metallic silver","2.699,99"
eMAG,"Laptop Apple MacBook Air 15"", cu procesor Apple M4, 10 nuclee CPU si 10 nuclee GPU, 16GB RAM, 256GB, Starlight, Tastatura Internationala, Manual RO","5.499,99"
eMAG,"Laptop Microsoft Surface Go4 XGT-00004, 10.5 inch 1920 x 1280 Touchscreen, Intel N200, 8 GB RAM, 64 GB SSD, Intel UHD Graphics, Windows 11 Pro","3.859,31"
eMAG,"Laptop MacBook Pro 14″ cu procesor Apple M5 cu 10 nuclee CPU si 10 nuclee GPU, 32GB RAM , 1TB SSD, Silver, Tastatura Internationala","12.779,99"
eMAG,"Apple MacBook Air 13'' cu procesor Apple M5, 10 nuclee CPU, 10 nuclee GPU, 16GB RAM, 1TB SSD, Midnight, Tastatura Internationala, Manual RO","7.399,99"
eMAG,"Laptop Gaming Lenovo LOQ 15AHP10 cu procesor AMD Ryzen™ 7 250 pana la 5.1GHz, 15.6"" Full HD, IPS, 144Hz, 16GB DDR5 RAM, 1TB SSD, NVIDIA® GeForce RTX™ 5050 8GB GDDR7, No OS, Luna Grey","4.999,99"
eMAG,"Laptop Apple MacBook Air 13 with Liquid Retina 2026, 13.6 inch 2560 x 1664, Apple M5 10-core 10 C, 16 GB RAM, 1 TB SSD, Apple 10-core, macOS, Tastatura International, Albastru/Navy","7.445,00"
eMAG,"Laptop Lenovo V15 G4 AMN cu procesor AMD Ryzen™ 5 7520U pana la 4.3GHz, 15.6"" Full HD, 16GB LPDDR5, 512GB SSD, AMD Radeon™ 610M Graphics, No OS, Business Black, 3y Courier or Carry-in","2.199,99"
eMAG,"Laptop MacBook Pro 14″ cu procesor Apple M5 cu 10 nuclee CPU si 10 nuclee GPU, 24GB RAM , 512GB SSD, Silver, Tastatura Internationala","9.899,99"
eMAG,"Laptop Lenovo IdeaPad Slim 3 16IRH10 cu procesor Intel® Core™ i7-13620H pana la 4.9GHz, 16"" WUXGA, IPS, 16GB DDR5 RAM, 512GB SSD, Intel® UHD Graphics, No OS, Cosmic Blue, Aluminiu","2.849,99"
eMAG,"Laptop Lenovo IdeaPad Slim 5 16IRH10 cu procesor Intel® Core™ i7-13620H pana la 4.9GHz, 16"" WUXGA, IPS, 32GB DDR5 RAM, 1TB SSD, Intel® UHD Graphics, No OS, Luna Grey","3.799,99"
eMAG,"Laptop Lenovo V15 G4 AMN cu procesor AMD Ryzen™ 3 7320U pana la 4.1 GHz, 15.6"", Full HD, 16GB, 512GB SSD, AMD Radeon™ 610M Graphics, No OS, Business Black","1.949,99"
eMAG,"Laptop Gaming ASUS TUF F16 FX607VJ cu procesor Intel® Core™ 5 210H pana la 4.8GHz, 16'', Full HD+, WUXGA, 144Hz, IPS, 32GB DDR4 RAM, 512GB SSD, NVIDIA® GeForce RTX™ 3050 6GB GDDR6, No OS, Mecha Gray","4.199,99"
eMAG,"Laptop Lenovo IdeaPad Slim 5 16IRH10 cu procesor Intel® Core™ i7-13620H pana la 4.9GHz, 16"" WUXGA, IPS, 32GB DDR5, 1TB SSD, Intel® UHD Graphics, No OS, Cosmic Blue","3.999,99"
eMAG,"Laptop ASUS Vivobook 15 M1502YA cu procesor AMD Ryzen™ 7 5825U pana la 4.5GHz, 15.6'', Full HD, IPS, 16GB DDR4 RAM, 512GB SSD, AMD Radeon™ Graphics, No OS, Quiet Blue","2.302,81"
eMAG,"Laptop Blackview Acebook 12, Intel® Core™ i5-1030NG7, 16GB+512GB, Windows 11 Pro, 16"" FHD+, 3.6GHz, HDMI 2.0, Bluetooth, USB 3.0, Senzor de amprenta, WLAN 5G, Gri","2.699,99"
eMAG,"Laptop Lenovo IdeaPad Slim 3 15ARP10 cu procesor AMD Ryzen™ 5 7535HS pana la 4.55GHz, 15.3"" WUXGA, IPS, 24GB DDR5 RAM, 1TB SSD, AMD Radeon™ 660M Graphics, No OS, Luna Grey, Aluminiu","2.699,99"
eMAG,"Laptop Lenovo ThinkBook 14 G8 IAL cu procesor Intel® Core Ultra 5 225U pana la 4.80 GHz, 14"" WUXGA IPS, 16GB RAM, 512GB SSD, Intel® Graphics, No OS","3.099,99"
eMAG,"Laptop MacBook Pro 14″ cu procesor Apple M5 cu 10 nuclee CPU si 10 nuclee GPU, 32GB RAM , 512GB SSD, Space Black, Tastatura Internationala","10.739,99"
eMAG,"Laptop HP 17-cn3135nw, 17.3 inch 1920 x 1080, Intel I5-1334U 10 C / 12 T, 3.4 GHz - 5.00 GHz, 12 MB cache, 55 W, 16 GB DDR4, 512 GB SSD, Intel Iris Xe Graphics, Windows 11 Home","4.320,16"
eMAG,"Laptop HP 15-fd0098nq cu procesor Intel® Core™ i3-1315U pana la 4.5 GHz, 15.6"", Full HD, 8GB DDR4 RAM, 512GB SSD, Intel® UHD Graphics, Free DOS, Natural Silver","1.799,99"
eMAG,"Laptop ASUS Vivobook 16 X1607QA cu procesor Snapdragon X X1 26 100 pana la 2.97GHz, 16'', WUXGA, IPS, 16GB LPDDR5X RAM, 1TB SSD, Qualcomm Adreno GPU, Windows 11 Home, Cool Silver","2.399,99"
eMAG,"Laptop DELL Pro 15 Essential PV15250 cu Procesor Intel® Core™ i5-1334U pana la 4.60 GHz, 15.6"" FullHD, 120Hz, 16GB DDR5, 1TB SSD, Intel Integrated Graphics, Ubuntu, Platinum Silver","2.799,99"
eMAG,"Laptop Dell Alienware 18 Area-51, 18 inch 2560 x 1600, Intel Core Ultra 9 275HX 24 C / 24 T, 2.7 GHz - 5.4 GHz, 40 MB cache, 28 W, 64 GB DDR5, 2 TB SSD, Nvidia GeForce RTX 5090, Windows 11 Pro","32.663,44"
eMAG,"Laptop ASUS Vivobook 15 A1502VA cu procesor Intel® Core™ i5-13420H pana la 4.6GHz, 15.6'', Full HD, IPS, 16GB DDR4 RAM, 512GB SSD, Intel® UHD Graphics, Windows 11 Home, Quiet Blue","2.999,99"
eMAG,"Laptop Apple MacBook Air 15"", cu procesor Apple M4, 10 nuclee CPU si 10 nuclee GPU, 24GB RAM, 512GB, Midnight, Tastatura Internationala, Manual RO","7.399,99"
eMAG,"Laptop Gaming ASUS ROG Zephyrus G16 GA605WI cu procesor AMD Ryzen™ AI 9 HX 370 pana la 5.1GHz, 16"", WQXGA, OLED, 240Hz, 32GB LPDDR5x, 1TB SSD, NVIDIA® GeForce RTX™ 4070 8GB GDDR6, No OS, PLATINUM WHITE","17.838,23"
eMAG,"Laptop Gaming Lenovo LOQ 15IRX10 cu procesor Intel® Core™ i5-13450HX pana la 4.6GHz, 15.6''. Full HD, 24GB DDR5 RAM, 1TB SSD, NVIDIA® GeForce RTX™ 5050 8GB GDDR7, No OS, Luna Grey","5.099,99"
eMAG,"Laptop Lenovo IdeaPad Slim 5 14IRH10 cu procesor Intel® Core™ i7-13620H pana la 4.9GHz, 14"" WUXGA, IPS, 32GB DDR5 RAM, 1TB SSD, Intel® UHD Graphics, No OS, Cosmic Blue","3.599,99"
eMAG,"Apple MacBook Air 13'' cu procesor Apple M5, 10 nuclee CPU, 10 nuclee GPU, 24GB RAM, 1TB SSD, Silver, Tastatura Internationala, Manual RO","8.639,99"
eMAG,"Laptop Getac F110G7 FTA154JI1DZX, 11.6 inch 1920 x 1080 Touchscreen, Intel 1335U 10 C / 12 T, 1.3 GHz - 4.6 GHz, 12 MB cache, 55 W, 8 GB DDR5, 256 GB SSD, Intel Graphics, Windows 11 Pro","17.064,79"
eMAG,"Laptop HP 15-fd0015nq cu procesor Intel® Core™ i7-1355U pana la 5.0 GHz, 15.6"", Full HD, 16GB DDR4 RAM, 1TB SSD, Intel® Iris® Xe Graphics, Free DOS, Natural Silver","2.799,99"
eMAG,"Laptop Lenovo ThinkPad L14 Gen 6 cu procesor Intel® Core Ultra 7 255U pana la 5.2GHz, 14"" WUXGA , IPS, 16GB DDR5 RAM, 512GB SSD, Intel® Graphics, Windows® 11 Pro, Black, 3y on-site Premium Care","7.919,22"
eMAG,"Laptop Apple MacBook Air 13, 13.6 inch 2560 x 1664, Apple M5 10-core 10 C, 16 GB RAM, 512 GB SSD, Apple 8-core GPU, macOS, Tastatura International, Albastru deschis","6.252,55"
eMAG,"Laptop Lenovo IdeaPad Slim 5 16AHP10 cu procesor AMD Ryzen™ 7 8845HS pana la 5.1GHz, 16"" WUXGA, IPS, 16GB DDR5 RAM, 1TB SSD, AMD Radeon™ 780M Graphics, No OS, Cosmic Blue","3.299,99"
eMAG,"Laptop Dell PC14250, 14 inch 1920 x 1200, Intel Core Ultra 5 235U 12 C / 14 T, 2.0 GHz - 4.9 GHz, 12 MB cache, 15 W, 16 GB DDR5-SDRAM, 1 TB SSD, Intel Graphics, Windows 11 Pro","6.874,83"
eMAG,Laptop ASUS VivoBook 17 X1704VA-AU1068W Core 5 120U 17.3inch 16GB 512GB Windows 11 Home Blue,"4.318,99"
eMAG,"Laptop Dell Pro 15 Essential, 15.6 inch 1920 x 1080, Intel I5-1334U 10 C / 12 T, 3.4 GHz - 5.00 GHz, 12 MB cache, 55 W, 16 GB DDR5-SDRAM, 1 TB SSD, Intel UHD Graphics, Ubuntu","3.674,96"
eMAG,"Laptop ASUS Vivobook 16 A1605VA cu procesor Intel® Core™ i7-13620H pana la 4.9GHz, 16'', WUXGA, IPS, 16GB DDR4 RAM, 1TB SSD, Intel® UHD Graphics, No OS, Indie Black","3.399,99"
eMAG,"Laptop Apple MacBook Pro 16"" cu procesor Apple M4 Pro, 16'', 14 nuclee CPU si 20 nuclee GPU, 48GB RAM, 512GB SSD, Space Black, Tastatura Internationala, Manual RO","14.999,99"
eMAG,"Laptop Lenovo V15 G5 IRL 83GW007WRI, 15.6 inch 1920 x 1080, Intel i3-1315U 6 C / 8 T, 3.3 GHZ - 4.5 GHz, 8 GB DDR5, 512 GB SSD, Intel Graphics, Windows 11 Home","2.579,72"
eMAG,"Laptop Dell Pro 15 Essential PV15250 cu procesor Intel® Core™ i5-1334U pana la 4.60 GHz, 15.6"" FullHD, 120Hz, 16GB DDR4, 1TB SSD, Intel Integrated Graphics, Windows 11 Pro, Platinum Silver","3.449,99"
eMAG,"Laptop Lenovo Yoga Pro 7 14IMH9 cu procesor Intel® Core™ Ultra 7 155H pana la 4.8GHz, 14.5"", 2.8K, OLED, 120Hz, 32GB LPDDR5x, 1TB SSD, NVIDIA® GeForce RTX™ 4050 6GB GDDR6, No OS, Tidal Teal, 3y on-site Premium Care","7.999,99"
eMAG,"Laptop ASUS Vivobook Go 15 E1504FA cu procesor AMD Ryzen™ 5 7520U pana la 4.3GHz, 15.6'', Full HD, IPS, 8GB LPDDR5 RAM, 512GB SSD, AMD Radeon™ Graphics, No OS, Mixed Black","1.825,79"
eMAG,"Laptop Apple MacBook Pro 14"" cu procesor Apple M3, 8 nuclee CPU si 10 nuclee GPU, 16GB, 512GB SSD, Silver, Tastatura Internationala, 96W USB-C","7.499,99"
eMAG,"Laptop Acer Aspire go 16 Ag16-71p-56z3, 16 inch 1920 x 1200, Intel Core 5 120U 10 C / 12 T, 5.0 GHz, 12 MB cache, 15 W, 16 GB DDR5, 512 GB SSD, Intel Graphics, Windows 11 Home, Tastatura English, Argintiu","3.262,16"
eMAG,"Laptop Acer Aspire Go 15 Ag15-71p-5155, 15.6 inch 1920x1080, Intel Core i5-1334U 10 C / 12 T, 3.4 GHz - 4.6 GHz, 12 MB cache, 55 W, 16 GB DDR5, 1 TB SSD, Intel Iris Xe Graphics, Windows 11 Home, Tastatura English, Argintiu","3.308,14"
eMAG,"Laptop HP 250R G10, 15.6 inch 1920 x 1080 pixeli, Intel Core 3 100U 10 C / 12 T, 3.3 GHZ - 4.7 GHz, 12 MB cache, 55 W, 16 GB DDR4, 512 GB SSD, Intel Graphics, Windows 11 Home, Tastatura English US, Negru","3.432,85"
eMAG,"Laptop Asus ExpertBook Essential PM3606CKA-PL0061X AI, 16 inch 2560 x 1440, AMD Ryzen AI 7 - 350 8 C / 16 T, 2 GHz - 5 GHz, 8 MB 16 MB cache, 16 GB DDR5, 1 TB SSD, AMD Radeon 860M, Windows 11 Pro, Tastatura International, Gri/Aluminiu","6.430,00"
eMAG,HP 255R G10 AMD Ryzen 7 7735U 15.6inch FHD 16GB 512GB SSD FREEDOS,"3.723,22"
eMAG,"Laptop Dell Pro 16 PC16250 R6RT0, 16 inch 1920 x 1200, Intel 235U 12 C / 14 T, 2.0 GHz - 4.9 GHz, 12 MB cache, 15 W, 16 GB DDR5, 512 GB SSD, Intel Graphics, Windows 11 Pro, Tastatura Germana","6.335,66"
eMAG,"Laptop Dell 16 Plus DB16250 cu procesor Intel™ Core® Ultra 7 256V pana la 4.8 GHz, 16.0"" WQXGA IPS, 16GB LPDDR5x RAM, 512GB SSD, Intel™ Arc™ Graphics, Windows 11 Pro, Ice Blue","6.919,16"
eMAG,"Laptop Dell Pro 16 Plus PB16250 05Y63, 16 inch 1920 x 1200, Intel 255U 12 C / 14 T, 2.4 GHz - 5.2 GHz, 12 MB cache, 32 GB DDR5, 1 TB SSD, Intel Graphics, Windows 11 Pro, Tastatura Spaniola","11.655,45"
eMAG,"Laptop Lenovo IdeaPad 5 2-in-1 14IAL10 cu procesor Intel® Core™ Ultra 5 225U pana la 4.8GHz, 14"" WUXGA, IPS, Touch, 16GB LPDDR5x RAM, 512GB SSD, Intel® Graphics, No OS, Luna Grey","3.549,99"
eMAG,"Laptop ASUS X515 A516KA cu procesor Intel® Celeron® N4500 pana la 2.80 GHz, 15.6"", Full HD, 8GB, 512GB SSD, Intel® UHD Graphics, No OS, Transparent Silver","4.840,00"
eMAG,"Laptop Getac UX10 G3 USCE54VIXDSX, 10.1 inch 1920 x 1200 Touchscreen, Intel 1235U 10 C / 12 T, 4.4 GHz, 12 MB cache, 28 W, 8 GB DDR4, 256 GB SSD, Intel Graphics, Windows 11 Pro","15.905,80"
eMAG,"Apple MacBook Air 15'' cu procesor Apple M5, 10 nuclee CPU, 10 nuclee GPU, 16GB RAM, 1TB SSD, Starlight, Tastatura Internationala, Manual RO","8.879,99"
eMAG,Apple MacBook Pro 14 241TB SSD M5 Pro Chip 2026 space black QWERTZ,"13.096,57"
eMAG,"Apple MacBook Air 15'' cu procesor Apple M5, 10 nuclee CPU, 10 nuclee GPU, 16GB RAM, 1TB SSD, Midnight, Tastatura Internationala, Manual RO","8.999,99"
eMAG,"Laptop Lenovo IdeaPad Slim 3 15ARP10 cu procesor AMD Ryzen™ 7 7735HS pana la 4.75GHz, 15.3"" WUXGA, IPS, 16GB DDR5 RAM, 512GB SSD, AMD Radeon™ 680M Graphics, No OS, Luna Grey","2.449,99"
eMAG,"Laptop Lenovo IdeaPad Slim 5 15IRH9R cu procesor Intel® Core™ 7 240H pana la 5.2GHz, 15.3"" WUXGA, IPS, 32GB LPDDR5x RAM, 1TB SSD, Intel® Graphics, No OS, Purple","3.999,98"
eMAG,"Laptop Lenovo IdeaPad Slim 5 13ARP10 cu procesor AMD Ryzen™ 5 7535HS pana la 4.55GHz, 13.3"" WUXGA, IPS, 16GB LPDDR5x RAM, 1TB SSD, AMD Radeon™ 660M Graphics, No OS, Cloud Grey","2.849,99"
eMAG,"Laptop Lenovo IdeaPad Slim 5 14AKP10 cu procesor AMD Ryzen™ AI 7 350 pana la 5.0GHz, 14"" WUXGA, OLED, 32GB DDR5 RAM, 1TB SSD, AMD Radeon™ 860M Graphics, No OS, Luna Grey","4.099,99"
eMAG,"Laptop Lenovo IdeaPad Slim 3 15IRU8 cu procesor Intel® Processor U300 pana la 4.4GHz, 15.6"" Full HD, IPS, 8GB DDR5 RAM, 128GB UFS, Intel® UHD Graphics, Windows 11 Home, Abyss Blue","1.549,99"
eMAG,"Laptop Apple MacBook Air 15"", cu procesor Apple M4, 10 nuclee CPU si 10 nuclee GPU, 16GB RAM, 256GB, Sky Blue, Tastatura Internationala, Manual RO","5.499,99"
eMAG,"Laptop HP 250 G10 cu procesor Intel® Core™ i7-1355U pana la 5.0 GHz, 15.6"", Full HD, 16GB DDR4 RAM, 512GB SSD, Intel® Iris® Xᵉ Graphics, Free DOS, Turbo silver","3.099,99"
eMAG,"Laptop GPD Win Mini, 7 inch 1920 x 1080, AMD Ryzen 7 5825U 8 C / 16 T, 3.2 GHz - 4.5 GHz, 4 MB 16 MB cache, 15 W, 16 GB LPDDR5X, 1 TB SSD, AMD Radeon 780M, Windows 11 Home, Negru","6.730,01"
eMAG,"Laptop ASUS ExpertBook BM1 BM1503CDA Procesor AMD Ryzen™ 7 7735U 16M Cache, up to 4.75 GHz, 15.6"" FHD 60Hz, 32GB, 512GB SSD, AMD Radeon 680M, Gri","3.444,12"
eMAG,"Laptop ASUS Vivobook S14 S3407VA cu procesor Intel® Core™ 5 210H pana la 4.80 GHz, 14'', WUXGA, IPS, 16GB DDR5 RAM, 1TB SSD, Intel® UHD Graphics, Windows 11 Home, Matte Gray","3.399,99"
eMAG,Laptop ASUS ROG Flow Z13 GZ302EA-RU089 Ryzen AI MAX+ 395 13.4Inch 2.5K Touch 180Hz IPS-level 500nits Glossy 64GB RAM LPDDR5X 8000 SSD 1TB Radeon 8060S Graphics WLAN+BT Cam 13MP + 5MP IR 70WHrs NoOS Off Black,"13.987,78"
eMAG,"Laptop Asus ExpertBook B1 B1402CVA-NK1941XA, 14 inch 1920 x 1080, Intel Core i3-1315U 6 C / 8 T, 3.3 GHz - 4.5 GHz, 10 MB cache, 16 GB DDR4, 256 GB SSD, Intel UHD Graphics, Windows 11 Pro Education, Negru","2.099,00"
eMAG,"Laptop Gaming Lenovo Legion 5 15IRX10 cu procesor Intel® Core i7-13650HX pana la 4.9GHz, 15.3"" WUXGA, IPS, 165Hz, 16GB DDR5, 1TB SSD, NVIDIA® GeForce RTX™ 5050 8GB GDDR7, NO OS, Eclipse Black, 3y on-site Premium Care","5.699,99"
eMAG,"Laptop HP 15-fd0014nq cu procesor Intel® Core™ i7-1355U pana la 5.0 GHz, 15.6"", Full HD, 16GB DDR4 RAM, 1TB SSD, Intel® Iris® Xe Graphics, Free DOS, Warm Gold","2.799,99"
eMAG,"Laptop Energizer EnergyBook cu procesor Intel® Celeron® N4020 pana la 2.80GHz, 15.6'', HD+, 8GB RAM, 256GB SSD, Intel® UHD Graphics 600, Windows 11 Home, Grey","1.299,99"
eMAG,"Laptop Apple MacBook Air MC6V4RO/A, 13.6 inch 2560 x 1664, Apple M4 10-Core 10 C / 10 T, 24 GB RAM, 512 GB SSD, Apple 10-Core GPU, Mac OS, Sky Blue","7.055,39"
eMAG,"Apple MacBook Air 15'' cu procesor Apple M5, 10 nuclee CPU, 10 nuclee GPU, 16GB RAM, 512GB SSD, Silver, Tastatura Internationala, Manual RO","7.649,99"
eMAG,"Laptop Gaming ASUS TUF F16 FX607VJ cu procesor Intel® Core™ 5 210H pana la 4.8GHz, 16'', Full HD+, WUXGA, 144Hz, IPS, 16GB DDR4 RAM, 512GB SSD, NVIDIA® GeForce RTX™ 3050 6GB GDDR6, No OS, Mecha Gray","3.899,99"
eMAG,"Laptop Gaming Lenovo Legion 9 18IAX10 cu procesor Intel® Core Ultra 9 275HX pana la 5.4GHz, 18"" WQUXGA, IPS, 240Hz / 440Hz, 64GB DDR5 RAM, 1TB SSD, NVIDIA® GeForce RTX™ 5080 16GB GDDR7, No OS, Eclipse Black, 3Y Premium Care","18.899,99"
eMAG,"Laptop HP 250 G10 cu procesor Intel® Core™ i3-1315U pana la 4.5 GHz, 15.6"", Full HD, IPS, 16GB DDR4 RAM, 512GB SSD, Intel® UHD Graphics, Free DOS, Turbo silver","2.001,99"
eMAG,"Laptop Lenovo IdeaPad Slim 5 13ARP10 cu procesor AMD Ryzen™ 7 7735HS pana la 4.75GHz, 13.3"" WUXGA, IPS, 16GB LPDDR5x RAM, 1TB SSD, AMD Radeon™ 680M Graphics, No OS, Cloud Grey","3.199,99"
eMAG,"Laptop Gaming Lenovo LOQ 15IRX9 cu procesor Intel® Core™ i5-13450HX pana la 4.6 GHz, 15.6"", Full HD, IPS, 16GB, 512GB SSD, NVIDIA® GeForce RTX™ 4050 6GB GDDR6, No OS, Luna Grey","4.049,99"
eMAG,"Laptop Apple MacBook Pro 14"" cu procesor Apple M4 Pro, 12 nuclee CPU si 16 nuclee GPU, 24GB RAM, 512GB SSD, Silver, Tastatura Internationala, Manual RO","9.999,99"
eMAG,"Laptop Gaming MSI Katana 17 HX B14WEK cu procesor Intel® Core™ i7-14650HX pana la 5.2GHz, QHD, IPS, 240Hz, 16GB DDR5 RAM, 1TB SSD, NVIDIA® GeForce RTX™ 5050 8GB GDDR7, Free DOS, Black","6.499,99"
eMAG,"Laptop Gaming Lenovo LOQ 15AHP10 cu procesor AMD Ryzen™ 7 250 pana la 5.1GHz, 15.6"", Full HD, IPS, 144Hz, 16GB DDR5 RAM, 1TB SSD, NVIDIA® GeForce RTX™ 5060 8GB GDDR7, No OS, Luna Grey","5.799,99"
eMAG,"Laptop Gaming MSI Katana 15 HX B14WEK cu procesor Intel® Core™ i7-14650HX pana la 5.2GHz, 15.6"" QHD, 165Hz, 16GB DDR5 RAM, 512GB SSD, NVIDIA® GeForce RTX™ 5050 GDDR7, No OS, Black","5.399,99"
eMAG,"Laptop Lenovo V15 G4 AMN cu procesor AMD Ryzen 5 7520U pana la 4.3 GHz, 15.6"", Full HD, 8GB, 512GB SSD, AMD Radeon™ 610M Graphics, No OS, Business Black, 3Y Courier/Carry-in upgrade","1.899,99"
eMAG,"Laptop Lenovo Yoga Pro 7 14IAH10 cu procesor Intel® Core Ultra 7 255H pana la 5.1GHz, 14.5"" 3K, OLED, 120Hz, Touch, 32GB LPDDR5x RAM, 1TB SSD, Intel® Arc™ Graphics, Windows® 11 Pro, Luna Grey, 3y on-site Premium Care","6.699,99"
eMAG,"Laptop Gaming Lenovo Legion 5 15IRX10 cu procesor Intel® Core™ i7-13650HX pana la 3.6GHz, 15.3'' WUXGA, 24GB RAM, 1TB SSD, NVIDIA® GeForce RTX™ 5060 8GB GDDR6, No OS, Eclipse Black, 3y on-site Premium Care","8.145,94"
eMAG,"Laptop HP 17-cn3002nq cu procesor Intel® Core™ i7-1355U pana la 5.0GHz, 17.3'', Full HD, IPS, 16GB DDR4 RAM, 1TB SSD, Intel® Iris® Xe, Free DOS, Black","3.999,99"
eMAG,"Laptop Lenovo IdeaPad Slim 3 15ARP10 cu procesor AMD Ryzen™ 5 7535HS pana la 4.55GHz, 15.3"" WUXGA, IPS, 24GB DDR5 RAM, 512GB SSD, AMD Radeon™ 660M Graphics, No OS, Luna Grey, Aluminiu","2.499,99"
eMAG,"Laptop Gaming ASUS TUF A17 FA707NU cu procesor AMD Ryzen™ 5 7535HS pana la 4.55GHz, 17.3'', Full HD, IPS, 144Hz, 16GB DDR5 RAM, 512GB SSD, NVIDIA® GeForce RTX™ 4050 6GB GDDR6, No OS, Mecha Gray","4.599,99"
eMAG,"Laptop Asus ROG Flow Z13 GZ302EA-RU126W, 13.4 inch 2560 x 1600 Touchscreen, AMD Al Max 395 16 C / 32 T, 3 GHz - 5.1 GHz, 16 MB 64 MB cache, 64 GB LPDDR5X, 1 TB SSD, AMD Radeon Graphics 8060S, Windows 11","14.246,47"
eMAG,"Laptop Acer Aspire Go 15 AG15-42P-R40Z, 15.6 inch 1920 x 1080, Intel Ryzen 7 5825U 8 C / 16 T, 3.2 GHz - 4.5 GHz, 4 MB 16 MB cache, 16 GB DDR4, 512 GB SSD, AMD Radeon Graphics, Windows 11 Home","3.067,35"
eMAG,"Laptop Lenovo IdeaPad Slim 3 15IRH10 cu procesor Intel® Core™ i5-13420H pana la 4.6GHz, 15.3"" WUXGA, 16GB DDR5 RAM, 1TB SSD, Intel® UHD Graphics, No OS, METAL, Cosmic Blue","2.599,99"
eMAG,"Laptop Dell Pro 16 Plus PB16250, 16 inch 1920 x 1200, Intel 220U 10 C / 12 T, 1.4 GHz - 5.0 GHz, 12 MB cache, 16 GB DDR5, 1 TB SSD, Intel Graphics, Windows 11 Pro, Tastatura International","6.624,64"
eMAG,"Laptop Lenovo IdeaPad Slim 5 16IRH10 cu procesor Intel® Core™ i5-13420H pana la 4.6GHz, 16"" WUXGA, IPS, 32GB DDR5 RAM, 1TB SSD, Intel® UHD Graphics, No OS, Luna Grey","3.699,99"
eMAG,"Laptop Dell Pro 14 Essential PV14250, 14 inch 1920 x 1200, Intel 120U 10 C / 12 T, 1.4 GHz - 5.0 GHz, 12 MB cache, 15 W, 16 GB DDR5, 512 GB SSD, Intel Graphics, Windows 11 Pro","4.283,02"
eMAG,"Laptop HP EliteBook 8 G1i, 16 inch 1920 x 1200, Intel Core Ultra 7 255U 12 C / 14 T, 2.4 GHz - 5.2 GHz, 12 MB cache, 16 GB DDR5-SDRAM, 512 GB SSD, Intel Graphics, Windows 11 Pro","6.936,74"
eMAG,"Laptop Lenovo IdeaPad Slim 3 15ARP10 cu procesor AMD Ryzen™ 7 7735HS pana la 4.75GHz, 15.3"" WUXGA, IPS, 16GB DDR5 RAM, 1TB SSD, AMD Radeon™ 680M Graphics, No OS, Cosmic Blue","2.699,99"
eMAG,"Apple MacBook Air 13'' cu procesor Apple M5, 10 nuclee CPU, 10 nuclee GPU, 16GB RAM, 1TB SSD, Sky Blue, Tastatura Internationala, Manual RO","7.399,99"
eMAG,"Laptop Dell Vostro 3530 cu procesor Intel® Core™ i7-1355U pana la 5.0GHz, 15.6'', Full HD, IPS, 120Hz, 16GB DDR4 RAM, 512GB SSD, Intel® Iris® Xe Graphics, Windows 11 Pro, Black","3.999,05"
eMAG,"Laptop Lenovo Yoga Slim 7 14AKP10 cu procesor AMD Ryzen™ AI 7 350 pana la 5.0GHz, 14"" WUXGA, OLED, 16GB LPDDR5x RAM, 1TB SSD, AMD Radeon™ 860M Graphics, Windows® 11 Home, Tidal Teal, 3y on-site Premium Care","4.999,99"
eMAG,Laptop ASUS ProArt P16 H7606WX-SE011X Ryzen AI 9 HX 370 16inch OLED Touch 4K 120Hz 64GB 2TB Windows 11 Pro AI RTX5090 Negru,"27.614,29"
eMAG,"Laptop Lenovo IdeaPad Slim 5 14IRH10 cu procesor Intel® Core i5-13420H pana la 4.6GHz, 14'', WUXGA, IPS, 16GB DDR5 RAM, 1TB SSD, Intel® UHD Graphics, No OS, Luna Grey","2.899,99"
eMAG,"Laptop Apple MacBook Pro 14"" cu procesor Apple M4 Max, 16 nuclee CPU si 40 nuclee GPU, 128GB RAM, 4TB, Nano-Texture, 96W USB-C, Space Black, Tastatura US, Manual RO","35.030,04"
eMAG,"Laptop Asus ExpertBook Premium B9403CVAR-PP2122X, 14 inch 2880 x 1800, Intel 150U 10 C / 12 T, 1.8 GHz - 5.4 GHz, 12 MB cache, 55 W, 32 GB LPDDR5X, 1 TB SSD, Intel Graphics, Windows 11 Pro","10.608,00"
eMAG,"Laptop Lenovo IdeaPad Slim 3 15ARP10 cu procesor AMD Ryzen™ 5 7535HS pana la 4.55GHz, 15.3"" WUXGA, IPS, 16GB DDR5 RAM, 512GB SSD, AMD Radeon™ 660M Graphics, No OS, Luna Grey, Aluminiu","2.349,99"
eMAG,"Laptop Blackview AceBook 12, 16"" FHD+ 1920x1200 LCD, Win11 Pro, 8 cores12 threads, Intel® i5-12450H, 2*SODIMM LPDDR4, WIFI 6, (8GB + 8GB dual channel), 512 GB, Real-time Clock, 1.8 kg, Gri","2.554,48"
eMAG,"Laptop Lenovo ThinkBook Plus G6 Rollable cu procesor Intel® Core Ultra 7 258V pana la 4.8GHz, Roll In: 14"" (2000x1600) / Roll Out: 16.7"", (2000x2350), POLED, 120Hz, 32GB LPDDR5x RAM, 1TB SSD, Intel® Arc™ Graphics 140V, Windows® 11 Pro, Luna Grey","19.999,99"
eMAG,"Laptop HP 250 G10 cu procesor Intel® Core™ i5-1334U pana la 4.60 GHz, 15.6"", Full HD, 8GB DDR4, 512GB SSD, Intel® Iris® Xe Graphics, Windows 11 Pro, Dark Ash Silver","2.776,64"
eMAG,"Laptop HP OmniBook 5, 16"", 2K, AMD Ryzen 5 8540U, 16 GB RAM, 512 GB SSD, Argintiu","4.245,99"
eMAG,"Laptop Lenovo IdeaPad 1 15AMN7 cu procesor AMD Ryzen™ 3 7320U pana la 4.1GHz, 15.6"" Full HD, 8GB LPDDR5 RAM, 512GB SSD, AMD Radeon™ 610M Graphics, No OS, Cloud Grey","3.872,00"
eMAG,"Laptop Lenovo IdeaPad Slim 3 15IRH10 cu procesor Intel Core i5-13420H, 15.3'', WUXGA IPS, 24GB RAM, 1TB SSD, Windows 11 Pro, Luna Grey","2.798,89"
eMAG,"Laptop Lenovo IdeaPad 5 2-in-1 16AKP10 cu procesor AMD Ryzen™ AI 7 350 pana la 5.0GHz, 16'', WUXGA, IPS, Touch, 16GB LPDDR5x RAM, 1TB SSD, AMD Radeon™ 860M Graphics, Windows® 11 Home, Luna Grey","4.749,99"
eMAG,"Apple MacBook Air 15'' cu procesor Apple M5, 10 nuclee CPU, 10 nuclee GPU, 16GB RAM, 1TB SSD, Silver, Tastatura Internationala, Manual RO","8.879,99"
eMAG,"Laptop HP 250 G10 cu procesor Intel® Core™ i7-1360P pana la 5.0GHz, 15.6'' Full HD, IPS, 16GB DDR4 RAM, 1TB SSD, Intel® UHD Graphics, Free DOS, Turbo Silver","3.128,02"
eMAG,"Laptop Lenovo IdeaPad Slim 3 16IRH10 cu procesor Intel® Core™ i7-13620H pana la 4.9GHz, 16"" WUXGA, IPS, 24GB DDR5 RAM, 1TB SSD, Intel® UHD Graphics, No OS, Cosmic Blue, Aluminiu","3.499,99"
eMAG,"Apple MacBook Air 13'' cu procesor Apple M5, 10 nuclee CPU, 10 nuclee GPU, 24GB RAM, 1TB SSD, Starlight, Tastatura Internationala, Manual RO","8.699,99"
eMAG,"Laptop Acer TravelMate P2 NX.BE6EX.00G, 15.6 inch 1920 x 1080, Intel I5-1334U 10 C / 12 T, 1.3 GHz - 4.6 GHz, 12 MB cache, 55 W, 8 GB DDR5, 500 GB SSD, Intel Iris Xe Graphics, Fara sistem de operare","2.099,00"
eMAG,"Laptop Lenovo IdeaPad Slim 5 16IRH10 cu procesor Intel® Core™ i5-13420H pana la 4.6GHz, 16"" WUXGA, IPS, 32GB DDR5 RAM, 1TB SSD, Intel® UHD Graphics, No OS, Cosmic Blue","3.399,99"
eMAG,"Laptop Gaming Lenovo LOQ 17IRX10 cu procesor Intel® Core™ i5-13450HX pana la 4.6GHz, 17.3'', Full HD, 32GB DDR5, 1TB SSD, NVIDIA® GeForce RTX™ 5050 8GB GDDR7, No OS, Eclipse Black","5.899,99"
eMAG,"Apple MacBook Pro 16'' cu procesor Apple M5 Pro, 18 nuclee CPU, 20 nuclee GPU, 48GB RAM, 1TB SSD, Space Black, Tastatura Internationala, Manual RO","17.899,99"
eMAG,"Laptop Razer Blade 14, QHD+, 14 inch, AMD Ryzen AI 9 365, 32GB, 1TB SSD RTX 5070, Windows 11 Home, Negru","14.929,17"
eMAG,"Laptop Lenovo Legion Pro 7 16IAX10H 83F5004FPB, 16 inch 2560 x 1600, Intel Core Ultra 9 275HX 24 C / 24 T, 2.7 GHz - 5.4 GHz, 40 MB cache, 64 GB DDR5, 2 TB SSD, Nvidia GeForce RTX 5090, Fara sistem de operare, Negru","24.665,78"
eMAG,"Laptop ASUS Vivobook S14 S3407VA cu procesor Intel Core i5-13420H pana la 4.6GHz, 14'', WUXGA, IPS, 16GB DDR5 RAM, 1TB SSD, Intel UHD Graphics, No OS, Matte Gray","2.599,99"
eMAG,"Laptop Gaming MSI Cyborg 15 B13WFKG cu procesor Intel® Core™ i7-13620H pana la 4.9GHz, 15.6'', IPS, 144Hz, 16GB DDR5 RAM, 512GB SSD, NVIDIA® GeForce RTX™ 5060 8GB GDDR7, Free DOS, Translucent Black","5.299,99"
eMAG,"Laptop Lenovo IdeaPad Slim 5 14AHP10 cu procesor AMD Ryzen™ 7 8845HS pana la 5.1GHz, 14'', WUXGA, IPS, 16GB DDR5 RAM, 1TB SSD, AMD Radeon™ 780M Graphics, No OS, Luna Grey","3.299,99"
eMAG,"Laptop ASUS Vivobook 15 A1502VA cu procesor Intel® Core™ i7-13620H pana la 4.9GHz, 15.6'', Full HD, IPS, 16GB DDR4 RAM, 1TB SSD, Intel® UHD Graphics, No OS, Quiet Blue","2.899,99"
eMAG,"Laptop Lenovo V15 G5 cu procesor Intel® Core™ i7-13620H pana la 4.90 GHz, 15.6"" Full HD, 16GB DDR5 RAM, 512GB SSD, Intel® UHD Graphics, Windows® 11 Pro, Business Black, 3y on-site Premium Care","4.099,99"
eMAG,"Laptop Gaming Lenovo LOQ 15IRX9 cu procesor Intel® Core i7-13650HX pana la 4.9GHz, 15.6"" Full HD, IPS, 144Hz, 16GB DDR5 RAM, 1TB SSD, NVIDIA® GeForce RTX™ 3050 6GB GDDR6, No OS, Luna Grey","5.283,92"
eMAG,"Laptop Gaming HP OMEN MAX 16-ah0003nn cu procesor Intel® Core™ Ultra 9 275HX pana la 5.4GHz, 16'', WQXGA, OLED, 240Hz, 64GB DDR5 RAM, 2TB SSD, NVIDIA® GeForce RTX™ 5090 24GB GDDR7, Free DOS, Shadow black","19.499,99"
eMAG,"Laptop Lenovo IdeaPad Slim 5 16IRH10 cu procesor Intel® Core™ i5-13420H pana la 4.6GHz, 16"" WUXGA, IPS, 16GB DDR5 RAM, 1TB SSD, Intel® UHD Graphics, No OS, Cosmic Blue","2.799,99"
eMAG,"Laptop Gaming Lenovo LOQ 15IRX9 cu procesor Intel® Core™ i7-13650HX pana la 4.9 GHz, 15.6"", Full HD, IPS, 16GB, 1TB SSD, NVIDIA® GeForce RTX™ 4050 6GB GDDR6, No OS, Luna Grey","4.649,99"
eMAG,"Laptop ASUS Zenbook 14 AX3405CA cu procesor Intel® Core™ Ultra 7 255H pana la 5.1GHz, 14'', 3K, OLED, 120Hz, 16GB LPDDR5X RAM, 1TB SSD, Intel® Arc™ Graphics, Windows 11 Home, Ponder Blue","5.849,38"
eMAG,"Laptop Lenovo IdeaPad Slim 3 15ARP10 cu procesor AMD Ryzen™ 7 7735HS pana la 4.75GHz, 15.3'', WUXGA, IPS, 16GB DDR5 RAM, 512GB SSD, AMD Radeon™ 680M Graphics, No OS, Cosmic Blue","2.399,99"
eMAG,"Apple MacBook Pro 14'' cu procesor Apple M5 Pro, 18 nuclee CPU, 20 nuclee GPU, 24GB RAM, 2TB SSD, Space Black, Tastatura Internationala, Manual RO","16.849,99"
Altex,"Laptop ACER Aspire Lite 15 AL15-45P-R07Z, AMD Ryzen 7 5825U pana la 4.5GHz, 15.6"" Full HD, 16GB, SSD 512GB, AMD Radeon Graphics, Free Dos, Light Silver",2199.90
Altex,"Laptop LENOVO IdeaPad Slim 3 15AMN8, AMD Ryzen 5 7520U pana la 4.3GHz, 15.6"" Full HD, 8GB, 512GB, AMD Radeon 610M, FreeDOS, Arctic Grey",1799.90
Altex,"Laptop HP 15-fc0039nq, AMD Ryzen 7 5825U pana la 4.5GHz, 15.6"" Full HD, 16GB, SSD 512GB, AMD Radeon Graphics, FreeDos, Gri inchis",2099.90
Altex,"Laptop gaming LENOVO LOQ Essential 15IRX11, Intel Core i7-13650HX pana la 4.9Ghz, 15.6"" Full HD, 16GB, SSD 1TB, NVIDIA GeForce RTX 5050 8GB, Free DOS, Luna Grey",4999.90
Altex,"Laptop LENOVO IdeaPad Slim 3 16IRH10, Intel Core i5-13420H pana la 4.6GHz, 16"" WUXGA, 16GB, SSD 512GB, Intel UHD Graphics, FreeDos, Cosmic Blue",2449.90
Altex,"Laptop gaming LENOVO Legion Pro 5 16ADR10, AMD Ryzen 7 8745HX pana la 5.1GHz, 16"" WQXGA, 32GB, SSD 1TB, NVIDIA GeForce RTX 5060 8GB, Free DOS, Eclipse Black",7599.90
Altex,"Laptop Gaming LENOVO LOQ Essential 15ARP10E, AMD Ryzen 7 7735HS pana la 4.75GHz, 15.6"" Full HD, 16GB, SSD 1TB, NVIDIA GeForce RTX 4050 6GB, Free DOS, Luna Grey",3949.90
Altex,"Laptop APPLE MacBook Neo 13 mhfh4ro/a, Apple A18 6-core CPU, 13"" Retina Display, 8GB, SSD 256GB, 5-core GPU, macOS Tahoe, Blush - Tastatura layout INT",3518.68
Altex,"Laptop HP 15-fd1003nq, Intel Core Ultra 5 125H pana la 4.5GHz, 15.6"" Full HD, 24GB, SSD 1TB, Intel Arc Graphics, Free DOS, argintiu",2699.90
Altex,"Laptop HP 15-fc0046nq, AMD Ryzen 5 7520U pana la 4.3GHz, 15.6"" Full HD, 16GB, SSD 512GB, AMD Radeon Graphics, Free Dos, argintiu",1999.90
Altex,"Laptop LENOVO IdeaPad Slim 5 14IRH10, Intel Core i5-13420H pana la 4.6GHz, 14"" WUXGA, 16GB, SSD 1TB, Intel UHD Graphics, Free DOS, Luna Grey",3199.99
Altex,"Laptop ASUS VivoBook 15 R1502VA-BQ1022, Intel Core i5-13420H pana la 4.6GHz, 15.6"" Full HD, 16GB, SSD 512GB, Intel UHD Graphics, Free DOS, Cool Silver",2399.90
Altex,"Laptop ASUS Vivobook Go 15 L1504FA-BQ2638W, AMD Ryzen 5 7520U pana la 4.3GHz, 15.6"" Full HD, 8GB, SSD 512GB, AMD Radeon 610M, Windows 11 Home, Mixed Black",2299.90
Altex,"Laptop Gaming LENOVO LOQ Essential15ARP10E, AMD Ryzen 7 7735HS pana la 4.75GHz, 15.6"" Full HD, 16GB, SSD 512GB, NVIDIA GeForce RTX 3050 6GB, Free DOS, Luna Grey",3399.90
Altex,"Laptop LENOVO IdeaPad Slim 3 16AHP10, AMD Ryzen 7 8840HS pana la 5.1GHz, 16"" WUXGA, 16GB, SSD 512GB, AMD Radeon 780M Graphics, FreeDos, Cosmic Blue",2699.90
Altex,"Laptop APPLE MacBook Air 15 mw1l3ro/a, Apple M4, 15.3"" Retina Display, 16GB, SSD 256GB, 10-core GPU, macOS Sequoia, Midnight, Tastatura layout INT, Manual RO",5499.90
Altex,"Laptop LENOVO IdeaPad Slim 5 16AKP10, AMD Ryzen AI 7 350 pana la 5.0 GHz, 16"" 2.8K OLED, 32GB, SSD 1TB, AMD Radeon 860M, Free DOS, Cosmic Blue",4649.90
Altex,"Laptop LENOVO IdeaPad Slim 3 15AMN8, AMD Ryzen 3 7320U pana la 4.1GHz, 15.6"" Full HD, 8GB, 512GB, AMD Radeon 610M, FreeDOS, Arctic Grey",1599.90
Altex,"Laptop APPLE MacBook Air 13 mc6t4ro/a, Apple M4, 13.6"" Retina Display, 16GB, SSD 256GB, 8-core GPU, macOS Sequoia, Sky Blue, Tastatura layout INT, Manual RO",4499.99
Altex,"Laptop LENOVO Yoga Slim 7 14AKP10, AMD Ryzen AI 7 350 pana la 5GHz, 14"" WUXGA , 32GB SSD 1TB, AMD Radeon 860M, Free Dos, Tidal Teal",4499.90
Altex,"Laptop APPLE MacBook Neo 13 mhfj4ro/a, Apple A18 6-core CPU, 13"" Retina Display, 8GB, SSD 512GB, 5-core GPU, macOS Tahoe, Blush - Tastatura layout INT",4026.88
Altex,"Laptop Gaming ACER Nitro V15 ANV15-41-R430, AMD Ryzen 5 6600H pana la 4.5GHz, 15.6"" FHD, 16GB, SSD 512GB, NVIDIA GeForce RTX 3050 6GB, Linux, negru",3399.90
Altex,"Laptop LENOVO IdeaPad Slim 3 15IRH10, Intel Core i7-13620H pana la 4.9GHz, 15.3"" WUXGA, 16GB, SSD 1TB, Intel UHD Graphics, Free DOS, Luna Grey",3049.90
Altex,"Laptop LENOVO IdeaPad Slim 5 15ARP10, AMD Ryzen 7 7735HS pana la 4.75GHz, 15.3"" WUXGA, 16GB, SSD 1TB, AMD Radeon 680M Graphics, Free Dos, Seafoam Green",3399.99
Altex,"Laptop ACER Aspire Lite 15 AL15-45P-R0MF, AMD Ryzen 7 5825U pana la 4.5GHz, 15.6"" Full HD, 32GB, SSD 1TB, AMD Radeon Graphics, Free Dos, Light Silver",2699.90
Altex,"Laptop 2 in 1 LENOVO Yoga 7 14AKP10, AMD Ryzen AI 7 350 pana la 5GHz, 14"" 2.8K Touch, 32GB, 1TB, AMD Radeon, Windows 11 Home, Seashell",5649.90
Altex,"Laptop Gaming ACER Nitro Lite 16 NL16-71G-51L6, Intel Core i5-13420H pana la 4.7GHz, 16"" WUXGA, 16GB, SSD 512GB, NVIDIA GeForce RTX 4050, Free DOS, Shale Black",3999.90
Altex,"Laptop LENOVO IdeaPad Slim 3 15IAN8, Intel N100 pana la 3.4GHz, 15.6"" Full HD, 4GB, UFS 3.1 128GB, Intel UHD Graphics, Windows 11 Home S, Arctic Grey",1249.90
Altex,"Laptop gaming LENOVO Legion Pro 5 16IAX10H, Intel Core Ultra 9 275HX pana la 5.4GHz, 16"" WQXGA, 32GB, SSD 1TB, NVIDIA GeForce RTX 5070 Ti 12GB, Free DOS, Eclipse Black",10799.90
Altex,"Laptop gaming LENOVO LOQ 17IRX10, Intel Core i7-13650HX pana la 4.9GHz, 17.3"" Full HD, 32GB, SSD 1TB, NVIDIA GeForce RTX 5060 8GB, Free DOS, Luna Grey",6499.90
Altex,"Laptop Gaming MSI Cyborg 15 B2RWFKG-438XRO, Intel Core 7 240H, 15.6"" FHD, 32GB, SSD 1TB, NVIDIA GeForce RTX 5060 8GB, Free DOS, negru",5699.90
Altex,"Laptop ASUS VivoBook 15 R1502VA-BQ1028, Intel Core i7-13620H pana la 4.9GHz, 15.6"" Full HD, 16GB, SSD 1TB, Intel UHD Graphics, Free DOS, Quiet Blue",3199.90
Altex,"Laptop LENOVO IdeaPad Slim 3 15ARP10, AMD Ryzen 5 7535HS pana la 4.55GHz, 15.3"" WUXGA, 8GB, SSD 512GB, AMD Radeon 660M Graphics, Windows 11 Home, Luna Grey",2549.90
Altex,"Laptop ASUS VivoBook 15 R1504VA-BQ111W, Intel Core i3-1315U pana la 4.5GHz, 15.6"" Full HD, 8GB, SSD 512GB, Intel UHD Graphics, Windows 11 Home, Quiet Blue",2149.00
Altex,"Laptop Gaming ASUS TUF A17 FA707NUG-HX154, AMD Ryzen 7 7445HS pana la 4.7GHz, 17.3"" Full HD, 16GB, SSD 512GB, NVIDIA GeForce RTX 4050 6GB, Free DOS, Mecha Gray",4899.90
Altex,"Laptop LENOVO IdeaPad Slim 5 14AHP10, AMD Ryzen 7 8845HS pana la 5.1GHz, 14"" WUXGA, 32GB, SSD 1TB, AMD Radeon 780M Graphics, Free DOS, Luna Grey",3499.99
Altex,"Laptop LENOVO IdeaPad Slim 3 15IAH8, Intel Core i5-12450H pana la 4.4Ghz, 15.6"" Full HD, 8GB, SSD 512GB, Intel UHD Graphics, Windows 11 Home, gri",2899.99
Altex,"Laptop DELL 15 DC15250, Intel Core i5-1334U pana la 4.6GHz, 15.6"" Full HD, 16GB, SSD 1TB, Intel UHD Graphics, Free Dos, Platinum Silver",2678.90
Altex,"Laptop HP 15-fd0071nq, Intel Core i5-1334U pana la 4.6GHz, 15.6"" Full HD, 16GB, SSD 512GB, Intel Iris Xe Graphics, Free DOS, argintiu",2099.90
Altex,"Laptop ASUS VivoBook 15 R1504VA-BQ2193W, Intel Core i3-1315U pana la 4.5GHz, 15.6"" Full HD, 8GB, SSD 512GB, Intel UHD Graphics, Windows 11 Home, Quiet Blue",1899.90
Altex,"Laptop HP 15-fc0047nq, AMD Ryzen 3 7320U pana la 4.1GHz, 15.6"" Full HD, 8GB, SSD 512GB, AMD Radeon 610M, Free Dos, argintiu",1599.90
Altex,"Laptop gaming LENOVO Legion Pro 5 16ADR10, AMD Ryzen 9 8940HX pana la 5.3GHz, 16"" WQXGA, 32GB, SSD 1TB, NVIDIA GeForce RTX 5070 8GB, Free DOS, Eclipse Black",8299.90
Altex,"Laptop APPLE MacBook Air 13 mdhh4ro/a, Apple M5 10-core CPU, 13.6"" Retina Display, 16GB, SSD 512GB, 8-core GPU, macOS Sequoia, Sky Blue, Tastatura layout INT",5999.99
Altex,"Laptop ASUS Vivobook 16 LED V3607VU-RP092, Intel Core 5 210H pana la 4.8GHz, 16"" WUXGA, 16GB, SSD 1TB, NVIDIA GeForce RTX 4050 6GB, Free DOS, Matte Black",4198.99
Altex,"Laptop APPLE MacBook Neo 13 mhfc4ro/a, Apple A18 6-core CPU, 13"" Retina Display, 8GB, SSD 512GB, 5-core GPU, macOS Tahoe, Silver - Tastatura layout INT",4026.88
Altex,"Laptop APPLE MacBook Neo 13 mhfa4ro/a, Apple A18 6-core CPU, 13"" Retina Display, 8GB, SSD 256GB, 5-core GPU, macOS Tahoe, Silver - Tastatura layout INT",3518.68
Altex,"Laptop ASUS VivoBook 15 X1504VA-BQ3093, Intel Core 5 120U pana la 5.0GHz, 15.6"" Full HD, 16GB, SSD 512GB, Intel Iris Xe Graphics, Free DOS, Quiet Blue",2298.99
Altex,"Laptop ASUS Vivobook Go 15 L1504FA-BQ1969, AMD Ryzen 5 7520U pana la 4.3GHz, 15.6"" Full HD, 16GB, SSD 512GB, AMD Radeon 610M, Free Dos, Mixed Black",2099.90
Altex,"Laptop ACER Aspire Lite 16 AL16-54P-30A2, Intel Core i3-1305U pana la 4.5GHz, 16"" WUXGA, 8GB, SSD 512GB, Intel UHD Graphics, Free Dos, Pure Silver",1799.90
Altex,"Laptop ASUS Vivobook Go 15 L1504FA-BQ1966, AMD Ryzen 3 7320U pana la 4.1GHz, 15.6"" Full HD, 8GB, SSD 512GB, AMD Radeon 610M, Free Dos, Mixed Black",1749.90
Altex,"Laptop APPLE MacBook Pro 14 mx2e3ro/a, Apple M4 Pro, 14.2"" Liquid Retina XDR, 24GB, SSD 512GB, 16-core GPU, macOS Sequoia, Silver - Tastatura layout INT",10498.90
Altex,"Laptop Gaming ACER Nitro V 15 ANV15-52-9973, Intel Core i9-13900H pana la 5.4GHz, 15.6"" FHD, 16GB, SSD 1TB, NVIDIA GeForce RTX 5060 8GB, Free DOS, negru",6199.90
Altex,"Laptop APPLE MacBook Air 13 mw123ro/a, Apple M4, 13.6"" Retina Display, 16GB, SSD 256GB, 8-core GPU, macOS Sequoia, Midnight, Tastatura layout INT, Manual RO",4499.99
Altex,"Laptop Gaming ACER Nitro V 15 ANV15-51-71JT, Intel Core i7-13620H pana la 4.9GHz, 15.6"" FHD, 16GB, SSD 512GB, NVIDIA GeForce RTX 4050 6GB, Free DOS, negru",4199.90
Altex,"Laptop Gaming ACER Nitro V15 ANV15-42-R9KW, AMD Ryzen 7 7445HS pana la 4.7GHz, 15.6"" FHD, 16GB, SSD 512GB, NVIDIA GeForce RTX 3050 6GB, Free Dos, Obsidian Black",3799.90
Altex,"Laptop 2 in 1 LENOVO IdeaPad 5 14IAL10, Intel Core Ultra 5 225U pana la 4.8GHz, 14"" WUXGA Touch, 16GB, SSD 512GB, Intel Graphics, Free DOS, Luna Grey",3549.99
Altex,"Laptop HP Pavilion 16-ag0004nn, AMD Ryzen 5 8540U pana la 4.9GHz, 16"" 2K, 16GB, SSD 1TB, AMD Radeon 740M, Free Dos, gri deschis",3099.90
Altex,"Laptop DELL 15 DC15250, Intel Core i5-1334U pana la 4.6GHz, 15.6"" Full HD, 16GB, SSD 512GB, Intel UHD Graphics, Windows 11 Pro, Carbon Black",3078.99
Altex,"Laptop 2 in 1 LENOVO IdeaPad Flex 5 14ABR8, AMD Ryzen 5 5625U pana la 4.3GHz, 14"" WUXGA Touch, 8GB, 512GB, AMD Radeon, Windows 11 Home, Stone Blue",2899.90
Altex,"Laptop DELL Vostro 3530, Intel Core i7-1355U pana la 5GHz, 15.6"" Full HD, 16GB, SSD 512GB, Intel Iris Xe Graphics, Free Dos, Carbon Black",2849.90
Altex,"Laptop LENOVO IdeaPad 3 17ABA7, AMD Ryzen 7 5825U pana la 4.5GHz, 17.3"" HD+, 16GB, SSD 512GB, AMD Radeon Graphics, Free DOS, Arctic Grey",2299.90
Altex,"Laptop ASUS VivoBook 15 R1504VA-BQ110, Intel Core i3-1315U pana la 4.5GHz, 15.6"" Full HD, 8GB, SSD 512GB, Intel UHD Graphics, Free Dos, Quiet Blue",1849.90
Altex,"Laptop LENOVO IdeaPad Slim 3 15IRU8, Intel U300 pana la 4.4GHz, 15.6"" Full HD, 8GB, UFS 3.1 128GB, Intel UHD Graphics, Windows 11 Home S, Arctic Grey",1549.90
Altex,"Laptop APPLE MacBook Pro 16 mx2w3ro/a, Apple M4 Max, 16.2"" Liquid Retina XDR, 48GB, SSD 1TB, 40-core GPU, macOS Sequoia, Silver - Tastatura layout INT",23216.90
Altex,"Laptop APPLE MacBook Air 13 mw0w3ro/a, Apple M4, 13.6"" Retina Display, 16GB, SSD 256GB, 8-core GPU, macOS Sequoia, Silver, Tastatura layout INT, Manual RO",4499.99
Altex,"Laptop Gaming ASUS TUF A16 FA607NUG-RL197, AMD Ryzen 7 7445HS pana la 4.7GHz, 16"" WUXGA, 16GB, SSD 512GB, NVIDIA GeForce RTX 4050 6GB, Free DOS, Mecha Gray",4699.00
Altex,"Laptop DELL 15 DC15250, Intel Core i7-1355U pana la 5GHz, 15.6"" Full HD, 16GB, SSD 1TB, Intel UHD Graphics, Windows 11 Pro, Platinum Silver",3798.99
Altex,"Laptop APPLE MacBook Neo 13 mhff4ro/a, Apple A18 6-core CPU, 13"" Retina Display, 8GB, SSD 256GB, 5-core GPU, macOS Tahoe, Indigo - Tastatura layout INT",3518.68
Altex,"Laptop gaming LENOVO LOQ 15IAX9E, Intel Core i5-12450HX pana la 4.4GHz, 15.6"" Full HD, 16GB, SSD 512GB, NVIDIA GeForce RTX 2050 4GB, Free DOS, Luna Grey",3599.99
Altex,"Laptop ACER Aspire Go 15 AG15-71P-71KY, Intel Core i7-13620H pana la 4.9GHz, 15.6"" Full HD, 16GB, SSD 512GB, Intel UHD Graphics, Free Dos, Pure Silver",2799.90
Altex,"Laptop ACER Aspire Lite 15 AL15-44P-R01T, AMD Ryzen 5 7430U pana la 4.3GHz, 15.6"" Full HD, 16GB, SSD 512GB, AMD Radeon Graphics, Free Dos, Light Silver",2049.90
Altex,"Laptop Gaming LENOVO Legion Pro 7 16AFR10H, AMD Ryzen 9 9955HX3D pana la 5.4GHz, 16"" WQXGA, 64GB, 2TB, NVIDIA GeForce RTX 5080 16GB, Free Dos, Eclipse Black",18599.90
Altex,"Laptop APPLE MacBook Pro 14 mj3d4ro/a, Apple M5 10-core CPU, 14.2"" Liquid Retina XDR, 32GB, SSD 1TB, 10-core GPU, macOS Sequoia, Space Black- Tastatura layout INT",11192.99
Altex,"Laptop Gaming ASUS ROG Strix G18 G814FP-S8052, AMD Ryzen 9 9955HX pana la 5.4GHz, 18"" Full HD+, 32GB, SSD 1TB, NVIDIA GeForce RTX 5070 8GB, Free DOS, Eclipse Gray",10099.00
Altex,"Laptop Gaming ASUS TUF A16 FA608PM-RV072, AMD Ryzen 9 8940HX pana la 5.3GHz, 16"" Full HD+, 32GB, SSD 1TB, NVIDIA GeForce RTX 5060 8GB, FreeDos, Jaeger Gray",7099.90
Altex,"Laptop APPLE MacBook Air 15 mc7c4ro/a, Apple M4, 15.3"" Retina Display, 16GB, SSD 512GB, 10-core GPU, macOS Sequoia, Sky Blue, Tastatura layout INT, Manual RO",6499.94
Altex,"Laptop APPLE MacBook Air 13 mc6u4ro/a, Apple M4, 13.6"" Retina Display, 16GB, SSD 512GB, 10-core GPU, macOS Sequoia, Sky Blue, Tastatura layout INT, Manual RO",5253.99
Altex,"Laptop ASUS Vivobook S 16 OLED M5606KA-SH124, AMD Ryzen AI 7 350 pana la 5.0GHz, 16"" Full HD, 24GB, SSD 1TB, AMD Radeon 860M, FreeDos, Neutral Black",4599.90
Altex,"Laptop LENOVO IdeaPad Slim 5 14AKP10, AMD Ryzen AI 7 350 pana la 5.0 GHz, 14"" WUXGA, 32GB, SSD 1TB, AMD Radeon 860M, Free DOS, Luna Grey",4099.99
Altex,"Laptop Gaming ASUS TUF F17 FX707VJ-HX074, Intel Core 5 210H pana la 4.8GHz, 17.3"" Full HD, 16GB, SSD 512GB, NVIDIA GeForce RTX 3050 6GB, Free DOS, Mecha Gray",4099.90
Altex,"Laptop APPLE MacBook Neo 13 mhfe4ro/a, Apple A18 6-core CPU, 13"" Retina Display, 8GB, SSD 512GB, 5-core GPU, macOS Tahoe, Citrus - Tastatura layout INT",4026.88
Altex,"Laptop Gaming ASUS TUF A15 FA506NCG-HN271, AMD Ryzen 7 7445HS pana la 4.7GHz, 15.6"" FHD, 16GB, SSD 512B, NVIDIA GeForce RTX 3050 4GB, Free DOS, Graphite Black",3699.00
Altex,"Laptop DELL Pro 15 Essential PV15250, Intel Core i5-1334U pana la 4.6GHz, 15.6"" Full HD, 16GB, SSD 1TB, Intel UHD Graphics, Windows 11 Pro, Platinum Silver",3441.97
Altex,"Laptop ASUS VivoBook 15 R1502VA-BQ547, Intel Core i7-13620H pana la 4.9GHz, 15.6"" Full HD, 16GB, SSD 512GB, Intel UHD Graphics, Free DOS, Quiet Blue",3099.00
Altex,"Laptop LENOVO IdeaPad Slim 5 13ARP10, AMD Ryzen 7 7735HS pana la 4.75Ghz, 13"" WUXGA, 16GB, SSD 512GB, AMD Radeon 680M , Free DOS, Polar Blue",2799.90
Altex,"Laptop ASUS Vivobook 16 R1605VA-MB2073, Intel Core i5-13420H pana la 4.6GHz, 16"" WUXGA, 16GB, SSD 512GB, Intel UHD Graphics, Free DOS, Indie Black",2599.00
Altex,"Laptop ACER TravelMate P2 TMP216-51-TCO-57EM, Intel Core i5-1334U pana la 4.6GHz, 16"" WUXGA, 16GB, SSD 512GB, Intel Iris Xe Graphics, Free DOS, Steel Gray",2299.90
Altex,"Laptop ASUS Vivobook 15 F1504VA-BQ130W, Intel Core i3-1315U pana la 4.5GHz, 15.6"" Full HD, 8GB, SSD 512GB, Intel UHD Graphics, Windows 11 Home, Quiet Blue",2149.90
Altex,"Laptop DELL 15 DC15255, AMD Ryzen 5 7520U pana la 4.3GHz, 15.6"" Full HD, 8GB, SSD 512GB, AMD Radeon 610M, Free Dos, Carbon Black",1899.90
Altex,"Laptop DELL 15 DC15255, AMD Ryzen 3 7320U pana la 4.1GHz, 15.6"" Full HD, 8GB, SSD 512GB, AMD Radeon 610M, Free Dos, Carbon Black",1699.90
Altex,"Laptop ASUS E510KA-BQ1204, Intel Celeron N4500 pana la 2.8GHz, 15.6"" Full HD, 8GB, SSD 512GB, Intel UHD Graphics, Free Dos, Star Black",1499.90
Altex,"Laptop Gaming LENOVO Legion 9 18IAX10, Intel Core Ultra 9 275HX pana la 5.4GHz, 18"" WQUXGA, 64GB, SSD 1TB, NVIDIA GeForce RTX 5080 16GB, Free Dos, Eclipse Black",18899.99
Altex,"Laptop APPLE MacBook Pro 16 mgec4ro/a, Apple M5 Pro 18-core CPU, 16.2"" Liquid Retina XDR, 48GB, SSD 1TB, 20-core GPU, macOS Sequoia, Space Black - Tastatura layout INT",17899.90
Altex,"Laptop ASUS Zenbook Duo OLED UX8406CA-PZ068X, Intel Core Ultra 9 285H pana la 5.4GHz, 14"" 3K Touch, 32GB, SSD 2TB, Intel Arc Graphics, Windows 11 Pro, Inkwell Gray",11998.99
Altex,"Laptop Gaming ASUS ROG Strix G18 G815LR-S9061, Intel Core Ultra 9 275HX pana la 5.4GHz, 18"" WQXGA, 32GB, SSD 1TB, NVIDIA GeForce RTX 5070 Ti 12GB, Free DOS, Eclipse Gray",13399.90
Altex,"Laptop Gaming ASUS ROG Flow Z13 (2025) GZ302EA-RU011X, AMD Ryzen AI MAX+ 395 pana la 5.1GHz, 13.4"" WQXGA, 32GB, SSD 1TB, AMD Radeon Graphics, Windows 11 Pro, Off Black",10499.99
Altex,"Laptop Gaming ASUS ROG Strix G16 G615LM-S5150, Intel Core Ultra 9 275HX pana la 5.4GHz, 16"" WQXGA, 32GB, SSD 1TB, NVIDIA GeForce RTX 5060 8GB, Free DOS, Eclipse Gray",10199.00
Altex,"Laptop APPLE MacBook Air 15 mw1m3ro/a, Apple M4, 15.3"" Retina Display, 16GB, SSD 512GB, 10-core GPU, macOS Sequoia, Midnight, Tastatura layout INT, Manual RO",6499.94
Altex,"Laptop LENOVO IdeaPad Pro 5 14IAH10, Intel Core Ultra 9 285H pana la 5.4GHz, 14"" 2.8K, 32GB, 1TB, Intel Arc 140T Graphics, Free DOS, Luna Grey",5749.90
Altex,"Laptop APPLE MacBook Air 13 mw103ro/a, Apple M4, 13.6"" Retina Display, 16GB, SSD 512GB, 10-core GPU, macOS Sequoia, Starlight, Tastatura layout INT, Manual RO",5253.99
Altex,"Laptop APPLE MacBook Air 13 mw133ro/a, Apple M4, 13.6"" Retina Display, 16GB, SSD 512GB, 10-core GPU, macOS Sequoia, Midnight, Tastatura layout INT, Manual RO",5229.99
Altex,"Laptop Gaming ACER Nitro V 15 ANV15-51-55D7, Intel Core i5-13420H pana la 4.6GHz, 15.6"" FHD, 16GB, SSD 512GB, NVIDIA GeForce RTX 4050 6GB, Free DOS, negru",3999.90
Altex,"Laptop ASUS Vivobook S 14 OLED M5406KA-QD072, AMD Ryzen AI 7 350 pana la 5GHz, 14"" WUXGA, 24GB, SSD 1TB, AMD Radeon Graphics, Free DOS, Neutral Black",3999.00
Altex,"Laptop APPLE MacBook Neo 13 mhfg4ro/a, Apple A18 6-core CPU, 13"" Retina Display, 8GB, SSD 512GB, 5-core GPU, macOS Tahoe, Indigo - Tastatura layout INT",4026.88
Altex,"Laptop Gaming ACER Nitro V15 ANV15-41-R47X, AMD Ryzen 5 7535HS pana la 4.5GHz, 15.6"" FHD, 16GB, SSD 512GB, NVIDIA GeForce RTX 4050 6GB, Free DOS, negru",3999.90
Altex,"Laptop Gaming ASUS TUF A15 FA506NCG-HN185, AMD Ryzen 7 7445HS pana la 4.7GHz, 15.6"" FHD, 16GB, SSD 512B, NVIDIA GeForce RTX 3050 4GB, Free DOS, Graphite Black",3699.90
Altex,"Laptop APPLE MacBook Air 13 mgn63ze/a, Apple M1, 13.3"" Retina Display, 8GB, SSD 256GB, Grafica integrata, macOS Big Sur, Space Gray - Tastatura layout INT",4949.90
Altex,"Laptop ACER Aspire Go 15 AG15-71P-72WU, Intel Core i7-13620H pana la 4.9GHz, 15.6"" Full HD, 32GB, SSD 1TB, Intel UHD Graphics, Free Dos, Pure Silver",3499.90
Altex,"Laptop APPLE MacBook Neo 13 mhfd4ro/a, Apple A18 6-core CPU, 13"" Retina Display, 8GB, SSD 256GB, 5-core GPU, macOS Tahoe, Citrus- Tastatura layout INT",3518.68
Altex,"Laptop LENOVO IdeaPad Slim 5 16AHP10, AMD Ryzen 7 8845HS pana la 5.1GHz, 16"" WUXGA, 16GB, SSD 1TB, AMD Radeon 780M Graphics, FreeDos, Luna Grey",3449.99
Altex,"Laptop ASUS Vivobook S16 M3607HA-RP049, AMD Ryzen 5 220 pana la 4.9GHz, 16"" WUXGA, 16GB, SSD 1TB, AMD Radeon Graphics, Free Dos, Cool Silver",3228.99
Altex,"Laptop LENOVO IdeaPad Slim 3 16IRH10, Intel Core i7-13620H pana la 4.9GHz, 16"" WUXGA, 16GB, SSD 512GB, Intel UHD Graphics, Free DOS, Cosmic Blue",2849.99
Altex,"Laptop LENOVO IdeaPad Slim 3 15IRH10, Intel Core i7-13620H pana la 4.9GHz, 15.3"" WUXGA, 16GB, SSD 1TB, Intel UHD Graphics, Free DOS, Luna Grey",2999.90
Altex,"Laptop ASUS Vivobook Go 15 L1504FA-BQ4429W, AMD Ryzen 5 40 pana la 4.3GHz, 15.6"" Full HD, 8GB, SSD 512GB, AMD Radeon 610M, Windows 11 Home, Mixed Black",2749.90
Altex,"Laptop ASUS Vivobook S14 S3407VA-LY016, Intel Core i5 13420H pana la 4.6GHz, 14"" WUXGA, 16GB, SSD 1TB, Intel UHD Graphics, Free Dos, Matte Gray",2599.99
Altex,"Laptop ASUS Vivobook 15 D1502YA-BQ938, AMD Ryzen 7 5825U pana la 4.5GHz, 15.6"" Full HD, 16GB, SSD 512GB, AMD Radeon Graphics, Free DOS, Quiet Blue",2399.00
Altex,"Laptop ASUS Vivobook Go 15 R522KAB-BR1056, Intel Celeron N4020 pana la 2.8GHz, 15.6"" HD, 8GB, SSD 512GB, Intel UHD Graphics 600, Free DOS, negru",1399.90
Altex,"Laptop LENOVO IdeaPad 1 15IJL7, Intel Celeron N5100 pana la 2.8GHz, 15.6"" HD, 4GB, eMMC 128GB, Intel UHD Graphics, Windows 11 Home S, Abyss Blue",1299.99
Altex,"Laptop Gaming LENOVO Legion 9 18IAX10, Intel Core Ultra 9 275HX pana la 5.4GHz, 18"" WQUXGA, 192GB, SSD 4TB, NVIDIA GeForce RTX 5090 24GB, Windows 11 Pro, Eclipse Black",32199.90
Altex,"Laptop Gaming Acer Predator Helios 18 AI PH18-73-91LN, Intel Core Ultra 9 275HX pana la 5.4GHz, 18"" WQXGA, 192GB, SSD 5TB, NVIDIA Geforce RTX 5090 24GB, Windows 11 Pro, Abyssal Black",29899.90
Altex,"Laptop APPLE MacBook Pro 16 z1fu00284, Apple M4 Max, 16.2"" Liquid Retina XDR, 128GB, SSD 1TB, 40-core GPU, macOS Sequoia, Space Black - Tastatura layout INT",29799.90
Altex,"Laptop APPLE MacBook Pro 16 mge74ro/a, Apple M5 Max 18-core CPU, 16.2"" Liquid Retina XDR, 36GB, SSD 2TB, 32-core GPU, macOS Sequoia, Silver - Tastatura layout INT",22642.04
Altex,"Laptop gaming RAZER Blade 16, AMD Ryzen AI 9 370 pana la 5.1GHz, 16"" QHD+, 32GB, SSD 2TB, GeForce RTX 5090 24GB, Windows 11 Home, negru",22599.90
Altex,"Laptop Gaming LENOVO Legion Pro 7 16AFR10H, AMD Ryzen 9 9955HX3D pana la 5.4GHz, 16"" WQXGA, 64GB, 1TB, NVIDIA GeForce RTX 5080 16GB, Free Dos, Eclipse Black",17899.90
Altex,"Laptop Gaming ASUS ROG Strix G18 G815LW-S9053X, Intel Core Ultra 9 275HX pana la 5.4GHz, 18"" WQXGA, 32GB, SSD 2TB, NVIDIA GeForce RTX 5080 16GB, Windows 11 Pro, Eclipse Gray",17899.90
Altex,"Laptop Gaming LENOVO Legion Pro 7 16IAX10H, Intel Core Ultra 9 275HX pana la 5.4GHz, 16"" WQXGA, 64GB, 1TB, NVIDIA GeForce RTX 5080 16GB, Free Dos, Eclipse Black",16999.90
Altex,"Laptop Gaming ASUS ROG Strix G16 G615LW-S5046X, Intel Core Ultra 9 275HX pana la 5.24GHz, 16"" WQXGA, 32GB, SSD 1TB, NVIDIA GeForce RTX 5080 16GB, Windows 11 Pro, Eclipse Gray",15899.90
Altex,"Laptop APPLE MacBook Pro 14 mx2k3ro/a, Apple M4 Max, 14.2"" Liquid Retina XDR, 36GB, SSD 1TB, 32-core GPU, macOS Sequoia, Space Black - Tastatura layout INT",15999.90
Altex,"Laptop gaming RAZER Blade 18, Intel Core i9-13950HX pana la 5.5GHz, 18"" QHD+, 32GB, SSD 1TB, NVIDIA GeForce RTX 4080 12GB, Windows 11 Home, negru",16399.90
Altex,"Laptop Gaming ASUS ROG Strix G16 G615LR-S5084, Intel Core Ultra 9 275HX pana la 5.4GHz, 16"" WQXGA, 32GB, SSD 2TB, NVIDIA GeForce RTX 5070 Ti 12GB, Free DOS, Volt Green",14899.90
Altex,"Laptop Gaming ASUS ROG Strix G18 G815LR-S9059, Intel Core Ultra 7 255HX pana la 5.2GHz, 18"" WQXGA, 32GB, SSD 1TB, NVIDIA GeForce RTX 5070 Ti 12GB, Free DOS, Eclipse Gray",12999.90
Altex,"Laptop APPLE MacBook Pro 16 mx2t3ro/a, Apple M4 Pro, 16.2"" Liquid Retina XDR, 24GB, SSD 512GB, 20-core GPU, macOS Sequoia, Silver - Tastatura layout INT",12999.95
Altex,"Laptop APPLE MacBook Pro 16 mx2x3ro/a, Apple M4 Pro, 16.2"" Liquid Retina XDR, 24GB, SSD 512GB, 20-core GPU, macOS Sequoia, Space Black - Tastatura layout INT",12998.95
Altex,"Laptop Gaming ASUS ROG Strix G18 G815LP-S9031, Intel Core Ultra 9 275HX pana la 5.4GHz, 18"" WQXGA, 16GB, SSD 1TB, NVIDIA GeForce RTX 5070 8GB, Free DOS, Eclipse Gray",10799.90
Altex,"Laptop APPLE MacBook Pro 14 z1kl001nk, Apple M5, 14.2"" Liquid Retina XDR, 32GB, SSD 512GB, 10-core GPU, macOS Sequoia, Silver - Tastatura layout INT",11599.90
Altex,"Laptop APPLE MacBook Pro 14 mx2h3ro/a, Apple M4 Pro, 14.2"" Liquid Retina XDR, 24GB, SSD 512GB, 16-core GPU, macOS Sequoia, Space Black- Tastatura layout INT",12090.40
Altex,"Laptop Gaming ASUS ROG Strix G18 G815JPR-S9024, Intel Core I9-14900HX pana la 5.8GHz, 18"" WQXGA, 32GB, SSD 1TB, NVIDIA GeForce RTX 5070 8GB, Free DOS, Eclipse Gray",10499.90
Altex,"Laptop APPLE MacBook Pro 14 mcx14ro/a, Apple M4, 14.2"" Liquid Retina XDR, 24GB, SSD 1TB, 10-core GPU, macOS Sequoia, Silver - Tastatura layout INT",10899.99
Altex,"Laptop Gaming ASUS ROG Strix G18 G815LM-S9030, Intel Core Ultra 9 275HX pana la 5.4GHz, 18"" WQXGA, 16GB, SSD 1TB, NVIDIA GeForce RTX 5060 8GB, Free DOS, Eclipse Gray",9999.90
Altex,"Laptop Gaming ASUS ROG Strix G18 G815JPR-S9021, Intel Core I9-14900HX pana la 5.8GHz, 18"" WQXGA, 16GB, SSD 1TB, NVIDIA GeForce RTX 5070 8GB, Free DOS, Eclipse Gray",9999.90
Altex,"Laptop Gaming ACER Predator Helios Neo 16S AI PHN16S-71-75PY, Intel Core Ultra 7 255HX pana la 5.2GHz, 16"" WQXGA, 32GB, SSD 1TB, NVIDIA Geforce RTX 5070 8GB, Free Dos, Abyssal Black",9999.90
Altex,"Laptop MICROSOFT Surface Laptop 7, Snapdragon X Elite-Qualcomm X1E-80-100 pana la 4.0GHz, 15"" Touch, 16GB, SSD 512GB, Qualcomm Adreno, Windows 11 Home, Platinum",9699.90
Altex,"Laptop Gaming LENOVO Legion 7 16IAX10, Intel Core Ultra 7 255HX pana la 5.2GHz, 16"" WQXGA, 32GB, SSD 1TB, NVIDIA GeForce RTX 5060 8GB, Free DOS, Glacier White",9599.90
Altex,"Laptop Gaming ASUS Vivobook Pro 15 OLED N6506CU-MA020X, Intel Core Ultra 9 285H pana la 5.4GHz, 15.6"" 3K, 24GB, SSD 1TB, NVIDIA GeForce RTX 4050 6GB, Windows 11 Pro, Earl Grey",8999.00
Altex,"Laptop Gaming ASUS ROG Strix G16 G614PM-RV088, AMD Ryzen 9 8940HX pana la 5.3GHz, 16"" Full HD+, 32GB, SSD 1TB, NVIDIA GeForce RTX 5060 8GB, Free DOS, Eclipse Gray",8899.90
Altex,"Laptop APPLE MacBook Pro 14 mw2x3ro/a, Apple M4, 14.2"" Liquid Retina XDR, 16GB, SSD 1TB, 10-core GPU, macOS Sequoia, Silver - Tastatura layout INT",9799.90
Altex,"Laptop APPLE MacBook Air 13 mdhg4ro/a, Apple M5 10-core CPU, 13.6"" Retina Display, 24GB, SSD 1TB, 10-core GPU, macOS Sequoia, Midnight, Tastatura layout INT",8630.99
Altex,"Laptop ASUS Zenbook 14 OLED UX3405CA-QL311X, Intel Core Ultra 9 285H pana la 5.4GHz, 14"" WUXGA Touch, 32GB, SSD 1TB, Intel Arc Graphics, Windows 11 Pro, Ponder Blue",7899.90
Altex,"Laptop Gaming ASUS TUF A18 FA808UM-S8073, AMD Ryzen 7 260 pana la 5.1GHz, 18"" Full HD+, 16GB, SSD 1TB, NVIDIA GeForce RTX 5060 8GB, FreeDos, Jaeger Gray",7799.90
Altex,"Laptop ASUS Zenbook S 14 OLED UX5406SA-PZ278X, Intel Core Ultra 7 258V pana la 4.8GHz, 14"" 3K Touch, 32GB, SSD 1TB, Intel Arc Graphics, Windows 11 Pro, Scandinavian White",7699.90
Altex,"Laptop APPLE MacBook Air 15 mdvd4ro/a, Apple M5 10-core CPU, 15.3"" Retina Display, 16GB, SSD 512GB, 10-core GPU, macOS Sequoia, Starlink, Tastatura layout INT",7642.99
Altex,"Laptop APPLE MacBook Air 15 mdv94ro/a, Apple M5 10-core CPU, 15.3"" Retina Display, 16GB, SSD 512GB, 10-core GPU, macOS Sequoia, Silver, Tastatura layout INT",7642.99
Altex,"Laptop APPLE MacBook Air 15 mc6k4ro/a, Apple M4, 15.3"" Retina Display, 24GB, SSD 512GB, 10-core GPU, macOS Sequoia, Starlight, Tastatura layout INT, Manual RO",7499.94
Altex,"Laptop APPLE MacBook Air 15 mc6j4ro/a, Apple M4, 15.3"" Retina Display, 24GB, SSD 512GB, 10-core GPU, macOS Sequoia, Silver, Tastatura layout INT, Manual RO",7499.94
Altex,"Laptop Gaming MSI Katana 15 HX B14WGK-263XRO, Intel Core i7-14650HX pana la 5.2GHz, 15.6"" QHD, 16GB, SSD 512GB, NVIDIA GeForce RTX 5070 8GB, Free Dos, negru",6849.90
Altex,"Laptop MICROSOFT Surface Laptop 7, Snapdragon X Plus-Qualcomm X1P-42-100 pana la 3.4GHz, 13"" Touch, 16GB, SSD 512GB, Qualcomm Adreno, Windows 11 Home, Platinum",6799.90
Altex,"Laptop Gaming ACER Nitro V16 AI ANV16-42-R2LM, AMD Ryzen 7 260 pana la 5.1GHz, 16"" WUXGA, 32GB, SSD 1TB, NVIDIA GeForce RTX 5060 8GB, Free DOS, Shale Black",6599.90
Altex,"Laptop APPLE MacBook Air 15 mw1k3ro/a, Apple M4, 15.3"" Retina Display, 16GB, SSD 512GB, 10-core GPU, macOS Sequoia, Starlight, Tastatura layout INT, Manual RO",6499.94
Altex,"Laptop APPLE MacBook Air 13 mc6v4ze/a, Apple M4, 13.6"" Retina Display, 24GB, SSD 512GB, 10-core GPU, macOS Sequoia, Sky Blue, Tastatura layout INT, Manual RO",6499.94
Altex,"Laptop LENOVO Yoga Slim 7 14ILL10, Intel Core Ultra 7 258V pana la 4.8GHz, 14"" 2.8K, 32GB, 1TB, Intel Arc 140V graphics, Windows 11 Home, Seashell",6399.90
Altex,"Laptop Gaming ACER Nitro V16 AI ANV16-42-R0T7, AMD Ryzen 7 260 pana la 5.1GHz, 16"" WUXGA, 16GB, SSD 1TB, NVIDIA GeForce RTX 5060 8GB, Free DOS, Shale Black",6399.90
Altex,"Laptop Gaming ASUS TUF F16 FX608JMR-RV156, Intel Core i5-14450HX pana la 4.8GHz, 16"" FHD+, 16GB, SSD 512GB, NVIDIA GeForce RTX 5060 8GB, Free DOS, Jaeger Gray",6349.90
Altex,"Laptop APPLE MacBook Air 13 mdh74ro/a, Apple M5 10-core CPU, 13.6"" Retina Display, 16GB, SSD 512GB, 8-core GPU, macOS Sequoia, Silver, Tastatura layout INT",6161.99
Altex,"Laptop ASUS Zenbook A 14 OLED UX3407RA-QD025X, Qualcomm Snapdragon X1E-78-100 pana la 3.4GHz, 14"" WUXGA, 32GB, SSD 1TB, Adreno, Windows 11 Pro, Zabriskie Beige",6149.90
Altex,"Laptop APPLE MacBook Air 13 mdha4ro/a, Apple M5 10-core CPU, 13.6"" Retina Display, 16GB, SSD 512GB, 8-core GPU, macOS Sequoia, Starlight, Tastatura layout INT",5999.99
Altex,"Laptop Gaming ASUS TUF F16 FX608JHR-RV110, Intel Core i5-14450HX pana la 4.8GHz, 16"" FHD+, 16GB, SSD 512GB, NVIDIA GeForce RTX 5050 8GB, Free DOS, Jaeger Gray",5999.90
Altex,"Laptop Gaming ACER Nitro V 15 ANV15-52-79A6, Intel Core i7-13620H pana la 4.9GHz, 15.6"" FHD, 32GB, SSD 1TB, NVIDIA GeForce RTX 5060 8GB, Free DOS, negru",5999.90
Altex,"Laptop Gaming MSI Katana 15 HX B14WFK-265XRO, Intel Core i7-14650HX pana la 5.2GHz, 15.6"" QHD, 16GB, SSD 512GB, NVIDIA GeForce RTX 5060 8GB, Free Dos, negru",5998.99
Altex,"Laptop APPLE MacBook Air 15 mw1g3ro/a, Apple M4, 15.3"" Retina Display, 16GB, SSD 256GB, 10-core GPU, macOS Sequoia, Silver, Tastatura layout INT, Manual RO",5499.98
Altex,"Laptop ACER Nitro 14 AN14-41-R3Z6, AMD Ryzen 7 8845HS pana la 5.1GHz, 14.5"" WUXGA, 16GB, SSD 1TB, NVIDIA GeForce RTX 4060, Free DOS, Obsidian Black",5499.90
Altex,"Laptop Gaming MSI Pulse GL76 12UGK, Intel Core i7-12700H pana la 4.7GHz, 17.3"" Full HD, 16GB, SSD 512GB, NVIDIA GeForce RTX 3070 8GB, Free Dos, gri",5999.90
Altex,"Laptop ASUS Vivobook 16 Flip OLED TP3607SA-RJ050X, Intel Core Ultra 5 226V pana la 4.8GHz, 16"" 3K, 16GB, SSD 1TB, Intel Arc Graphics, Windows 11 Pro, Matte Gray",5498.99
Altex,"Laptop ACER Aspire 14 AI A14-53M-73SF, Intel Core Ultra 7 258V pana la 4.8GHz, 14"" WUXGA, 32GB, SSD 1TB, Intel Arc 140V GPU, Free Dos, Pure Silver",5299.90
Altex,"Laptop APPLE MacBook Air 13 mw0x3ro/a, Apple M4, 13.6"" Retina Display, 16GB, SSD 512GB, 10-core GPU, macOS Sequoia, Silver, Tastatura layout INT, Manual RO",5253.99
Altex,"Laptop ASUS VivoBook 18 M1807GA-S8007, AMD Ryzen AI 445  pana la 4.6GHz, 18"" WUXGA, 32GB, SSD 1TB, AMD Radeon 840M, Free DOS, Quiet Blue",5199.90
Altex,"Laptop Gaming ASUS TUF F16 FX608JH-RV010, Intel Core i5-13450HX pana la 4.6GHz, 16"" WUXGA, 16GB, SSD 512GB, NVIDIA GeForce RTX 5050 8GB, Free DOS, Jaeger Gray",5199.90
Altex,"Laptop Gaming ASUS TUF A17 FA707NUG-HX176, AMD Ryzen 7 7445HS pana la 4.7GHz, 17.3"" Full HD, 16GB, SSD 512GB, NVIDIA GeForce RTX 4050 6GB, Free DOS, Mecha Gray",5049.00
Altex,"Laptop HP OmniBook 7 Aero Next Gen AI 13-bg1005nn, AMD Ryzen AI 5 340 pana la 4.8GHz, 13.3"" 2K, 16GB, SSD 1TB, AMD Radeon 840M, Windows 11 Home, gri",4999.90
Altex,"Laptop HP OmniBook 5 Laptop AI 16-af1014nn, Intel Core Ultra 7 255U pana la 5.2GHz, 16"" 2K, 24GB, SSD 1TB, Intel Graphics, Free Dos, bleu",4899.90
Altex,"Laptop APPLE MacBook Air 13 mw0y3ro/a, Apple M4, 13.6"" Retina Display, 16GB, SSD 256GB, 8-core GPU, macOS Sequoia, Starlight, Tastatura layout INT, Manual RO",4799.95
Altex,"Laptop LENOVO IdeaPad Slim 5 14IRH10R, Intel Core 7 240H pana la 5.2GHz, 14"" WUXGA, 32GB, SSD 1TB, Intel Graphics, Free DOS, Luna Grey",4749.90
Altex,"Laptop ASUS Vivobook S 16 OLED M5606KA-RI036, AMD Ryzen AI 7 350 pana la 5.0GHz, 16"" 3K, 24GB, SSD 1TB, AMD Radeon 860M, FreeDos, Neutral Black",4699.90
Altex,"Laptop ACER Aspire 17 A17-51M-970K, Intel Core i9-13900H pana la 5.4GHz, 17.3"" Full HD, 32GB, SSD 1TB, Intel Iris Xe Graphics, Free DOS, Steel Gray",4699.90
Altex,"Laptop Gaming ACER Nitro V 15 ANV15-52-57AF, Intel Core i5-13420H pana la 4.7GHz, 15.6"" FHD, 16GB, SSD 512GB, NVIDIA GeForce RTX 5050 8GB, Free DOS, negru",4699.90
Altex,"Laptop Gaming ASUS TUF A16 FA607NUG-RL117, AMD Ryzen 7 7445HS pana la 4.7GHz, 16"" FHD+, 16GB, SSD 512GB, NVIDIA GeForce RTX 4050 6GB, Free DOS, Mecha Gray",4699.90
Altex,"Laptop Gaming MSI Cyborg 15 B2RWEKG-074XRO, Intel Core 5 210H, 15.6"" FHD, 16GB, SSD 512GB, NVIDIA GeForce RTX 5050 8GB, Free DOS, negru",4499.90
Altex,"Laptop Gaming ACER Nitro Lite 16 NL16-71G-70LZ, Intel Core i7-13620H pana la 4.9GHz, 16"" WUXGA, 16GB, SSD 512GB, NVIDIA GeForce RTX 4050, Free DOS, Shale Black",4299.90
Altex,"Laptop Gaming LENOVO LOQ 15ARP9, AMD Ryzen 7 7435HS pana la 4.5GHz, 15.6"" FHD, 24GB, SSD 512GB, NVIDIA GeForce RTX 4050 6GB, Free DOS, Luna Grey",4899.99
Altex,"Laptop APPLE MacBook Air 13 mc7w4ze/a, Apple M2, 13.6"" Retina Display, 16GB, SSD 256GB, 8-core GPU, macOS Sequoia, Starlight, Tastatura layout INT",6039.25
Altex,"Laptop ACER Aspire 15 A15-51M-95PJ, Intel Core i9 13900H pana la 5.4GHz, 15.6"" Full HD, 16GB, SSD 1TB, Intel Iris Xe Graphics, Free Dos, Steel Gray",4199.90
Altex,"Laptop Gaming MSI Cyborg 15 B13WEKG-645XRO, Intel Core i5 13420H, 15.6"" FHD, 16GB, SSD 512GB, NVIDIA GeForce RTX 5050 8GB, Free DOS, negru",4099.99
Altex,"Laptop Gaming MSI Thin 15 B12VE-2673XRO, Intel Core i5-12450H pana la 4.4GHz, 15.6"" Full HD, 16GB, SSD 512GB, NVIDIA GeForce RTX 4050 6GB, Free DOS, negru",4099.90
Altex,"Laptop Gaming ASUS TUF F17 FX707VJ-HX004, Intel Core 5 210H pana la 4.8GHz, 17.3"" Full HD, 16GB, SSD 512GB, NVIDIA GeForce RTX 3050 6GB, Free DOS, Mecha Gray",4099.90
Altex,"Laptop Gaming ASUS TUF F16 FX607VJ-RL009, Intel Core 5 210H pana la 4.8GHz, 16"" Full HD+, 16GB, SSD 512GB, NVIDIA GeForce RTX 3050 6GB, Free DOS, Macha Gray",3999.90
Altex,"Laptop Gaming MSI Venture 16 AI A2HMG-041XRO, Intel Core Ultra 7 255H pana la 5.1GHz, 16"" 2K, 16GB, SSD 512GB, Intel Arc 140T, Free Dos, Solid Gray",3999.90
Altex,"Laptop ASUS ExpertBook P3 PM3606CKA-MB0188X, AMD Ryzen AI 5 330 pana la 4.5GHz, 16"" WUXGA, 16GB, SSD 512GB, AMD Radeon 820M, Windows 11 Pro, Misty Grey",3899.90
Altex,"Laptop Gaming MSI Thin 15 B12UC-2037XRO, Intel Core i7-12650H pana la 4.7GHz, 15.6"" Full HD, 16GB, SSD 512GB, NVIDIA GeForce RTX 3050 4GB, Free DOS, negru",3799.90
Altex,"Laptop ASUS Vivobook S14 D3407KA-SF058, AMD Ryzen AI 5 330  pana la 4.5GHz, 14"" WUXGA, 16GB, SSD 512GB, AMD Radeon 820M, Free Dos, Matte Gray",3649.99
Altex,"Laptop DELL Pro 15 Essential PV15250, Intel Core i7-1355U pana la 5GHz, 15.6"" Full HD, 16GB, SSD 512GB, Intel UHD Graphics, Windows 11 Pro, Carbon Black",3599.90
Altex,"Laptop Gaming LENOVO LOQ 15ARP9, AMD Ryzen 5 7235HS pana la 4.2GHz, 15.6"" FHD, 24GB, SSD 512GB, NVIDIA GeForce RTX 3050 6GB, Free DOS, Luna Grey",3999.99
Altex,"Laptop ASUS VivoBook 17 R1704VA-AU101, Intel Core 5 120U pana 5GHz, 17.3"" Full HD, 16GB, SSD 1TB, Intel Graphics, Free DOS, Quiet Blue",3499.90
Altex,"Laptop LENOVO IdeaPad Slim 5 14IRH10R, Intel Core 5 210H pana la 4.8GHz, 14"" WUXGA, 16GB, SSD 512GB, Intel Graphics, Free DOS, Luna Grey",3499.90
Altex,"Laptop DELL 15 DC15250, Intel Core i7-1355U pana la 5GHz, 15.6"" Full HD, 16GB, SSD 512GB, Intel UHD Graphics, Windows 11 Pro, Carbon Black",3468.99
Altex,"Laptop ASUS Vivobook S14 S3407VA-LY072W, Intel Core 5 210H pana la 4.8GHz, 14"" WUXGA, 16GB, SSD 1TB, Intel UHD Graphics, Windows 11 Home, Matte Gray",3399.99
Altex,"Laptop Gaming MSI Thin 15 B12UC-2036XRO, Intel Core i5-12450H pana la 4.4GHz, 15.6"" Full HD, 16GB, SSD 512GB, NVIDIA GeForce RTX 3050 4GB, Free DOS, negru",3399.90
Altex,"Laptop ASUS ExpertBook P3 PM3406CKA-LY0415, AMD Ryzen AI 5 330 pana la 4.5GHz, 14"" WUXGA, 16GB, SSD 1TB, AMD Radeon 820M, Free DOS, Misty Grey",3399.90
Altex,"Laptop DELL 15 DC15250, Intel Core i5-1334U pana la 4.6GHz, 15.6"" Full HD, 16GB, SSD 1TB, Intel UHD Graphics, Windows 11 Pro, Platinum Silver",3368.99
Altex,"Laptop ASUS Vivobook S14 S3407VA-LY009, Intel Core i7 13620H pana la 4.9GHz, 14"" WUXGA, 16GB, SSD 1TB, Intel UHD Graphics, Free Dos, Cool Silver",3299.00
Altex,"Laptop HP 17-cn4001nq, Intel Core 5 120U pana la 5.0GHz, 17.3"" Full HD, 16GB, SSD 1TB, Intel Graphics, Free Dos, argintiu",3199.90
Altex,"Laptop ASUS ExpertBook P3 P3405CVA-NZ0078, Intel Core i5-13420H pana la 4.6GHz, 14"" WQXGA, 16GB, SSD 512GB, Intel UHD Graphics, Free DOS, Misty Grey",3199.90
Altex,"Laptop ACER Aspire 17 A17-51M-77MT, Intel Core 7 150U pana la 5.4GHz, 17.3"" Full HD, 16GB, SSD 512GB, Intel Graphics, Free Dos, Steel Gray",3199.90
Altex,"Laptop ASUS ExpertBook P3 PM3606CKA-MB0188, AMD Ryzen AI 5 330 pana la 4.5GHz, 16"" WUXGA, 16GB, SSD 512GB, AMD Radeon 820M, Free Dos, Misty Grey",3149.99
Altex,"Laptop DELL Pro 15 Essential PV15250, Intel Core i5-1334U pana la 4.6GHz, 15.6"" Full HD, 16GB, SSD 512GB, Intel UHD Graphics, Windows 11 Pro, Carbon Black",3148.99
Altex,"Laptop DELL 15 DC15250, Intel Core i7-1355U pana la 5GHz, 15.6"" Full HD, 16GB, SSD 1TB, Intel UHD Graphics, Free Dos, Platinum Silver",3098.99
Altex,"Laptop DELL 15 DC15250, Intel Core i5-1334U pana la 4.6GHz, 15.6"" Full HD, 16GB, SSD 512GB, Intel UHD Graphics, Free Dos, Carbon Black",2599.90
Altex,"Laptop HP 250R G10, Intel Core 5 120U pana la 5.0GHz, 15.6"" Full HD, 16GB, SSD 512GB, Intel Graphics, Free Dos, argintiu",2454.68
Altex,"Laptop ACER Extensa 15 EX215-57-534G, Intel Core i5-13420H pana la 4.7GHz, 15.6"" Full HD, 16GB, SSD 1TB, Intel UHD Graphics, Free Dos, Pure Silver",2599.90
Altex,"Laptop ACER Extensa 15 EX215-57-53NZ, Intel Core i5-13420H pana la 4.7GHz, 15.6"" Full HD, 16GB, SSD 512GB, Intel UHD Graphics, Free Dos, Pure Silver",2199.90
Altex,"Laptop ASUS ExpertBook P1 P1503CVA-S71493, Intel Core i3-1315U pana la 4.5GHz, 15.6"" Full HD, 8GB, SSD 512GB, Intel UHD Graphics, Free DOS, Misty Grey",1999.90
Altex,"Laptop ASUS Vivobook Go 15 L1504FA-BQ1968, AMD Ryzen 5 7520U pana la 4.3GHz, 15.6"" Full HD, 8GB, SSD 512GB, AMD Radeon 610M, Free Dos, Mixed Black",1999.00
Altex,"Laptop ASUS Vivobook Go 15 L1504FA-BQ611, AMD Ryzen 5 7520U pana la 4.3GHz, 15.6"" Full HD, 8GB, SSD 512GB, AMD Radeon 610M, Free Dos, Mixed Black",1949.90
Altex,"Laptop LENOVO IdeaPad Slim 3 15ABR8, AMD Ryzen 5 5625U pana la 4.3GHz, 15.6"" Full HD, 8GB, 512GB, AMD Radeon Graphics, FreeDOS, Arctic Grey",1799.90
Altex,"Laptop ASUS Vivobook Go 15 R522KA-BR742, Intel Celeron N4500 pana la 2.8GHz, 15.6"" HD, 8GB, SSD 512GB, Intel UHD Graphics 600, Free DOS, negru",1399.90
Altex,"Laptop gaming MSI Titan 18 HX AI A2XWJG, Intel Core Ultra 9 285HX pana la 5.5GHz, 18"" UHD+, 64GB, SSD 6TB, NVIDIA GeForce RTX 5090 24GB, Windows 11 Pro, Core Black",29899.90
Altex,"Laptop APPLE MacBook Pro 16 z1fw001fb, Apple M4 Max, 16.2"" Liquid Retina XDR, 128GB, SSD 1TB, 40-core GPU, macOS Sequoia, Space Black - Tastatura layout INT",29499.90
Altex,"Laptop gaming RAZER Blade 18, Intel Core Ultra 9 275HX pana la 5.4GHz, 18"" UHD+, 64GB, SSD 4TB, NVIDIA GeForce RTX 5090 24GB, Windows 11 Home, negru",27699.90
Altex,"Laptop APPLE MacBook Pro 14 z1ff0031z, Apple M4 Max, 14.2"" Liquid Retina XDR, 128GB, SSD 1TB, 40-core GPU, macOS Sequoia, Space Black - Tastatura layout INT",28499.90
Altex,"Laptop Gaming ASUS ROG Strix SCAR 18 G835LX-SA063, Intel Core Ultra 9 275HX pana la 5.4GHz, 18"" WQXGA, 64GB, SSD 2TB, NVIDIA GeForce RTX 5090 24GB, Free DOS, Off Black",25998.99
Altex,"Laptop APPLE MacBook Pro 16 mge94ro/a, Apple M5 Max 18-core CPU, 16.2"" Liquid Retina XDR, 48GB, SSD 2TB, 40-core GPU, macOS Sequoia, Silver - Tastatura layout INT",25599.90
Altex,"Laptop APPLE MacBook Pro 16 mgee4ro/a, Apple M5 Max 18-core CPU, 16.2"" Liquid Retina XDR, 48GB, SSD 2TB, 40-core GPU, macOS Sequoia, Space Black - Tastatura layout INT",25599.90
Altex,"Laptop Gaming Acer Predator Helios 18 AI PH18-73-976Z, Intel Core Ultra 9 275HX pana la 5.4GHz, 18"" WQXGA, 192GB, SSD 5TB, NVIDIA Geforce RTX 5080 16GB, Windows 11 Pro, Abyssal Black",25499.90
Altex,"Laptop Gaming ASUS ROG Strix SCAR 18 G835LX-SA061, Intel Core Ultra 9 275HX pana la 5.4GHz, 18"" WQXGA, 64GB, SSD 2TB, NVIDIA GeForce RTX 5090 24GB, Free DOS, Off Black",25299.90
Altex,"Laptop ASUS ProArt P16 OLED H7606WX-SE021X, AMD Ryzen AI 9 HX 370 pana la 5.1GHz, 16"" 4K Touch, 64GB, SSD 4TB, NVIDIA GeForce RTX 5090 24GB, Windows 11 Pro, Nano Black",24699.99
Altex,"Laptop Gaming ACER Predator Helios 18 AI PH18-73-95SG, Intel Core Ultra 9 275HX pana la 5.4GHz, 18"" WQXGA, 64GB, SSD 2TB, NVIDIA Geforce RTX 5090 24GB, Windows 11 Pro, Abyssal Black",23799.90
Altex,"Laptop Gaming ACER Predator Helios 18 AI PH18-73-9085, Intel Core Ultra 9 275HX pana la 5.4GHz, 18"" WQXGA, 64GB, SSD 2TB, NVIDIA Geforce RTX 5090 24GB, Free Dos, Abyssal Black",22999.90
Altex,"Laptop Gaming Acer Predator Helios 18 AI PH18-73-97M7, Intel Core Ultra 9 275HX pana la 5.4GHz, 18"" WQXGA, 128GB, SSD 4TB, NVIDIA Geforce RTX 5080 16GB, Windows 11 Pro, Abyssal Black",22999.90
Altex,"Laptop APPLE MacBook Pro 16 mged4ro/a, Apple M5 Max 18-core CPU, 16.2"" Liquid Retina XDR, 36GB, SSD 2TB, 32-core GPU, macOS Sequoia, Space Black - Tastatura layout INT",22685.99
Altex,"Laptop Gaming ASUS ROG Strix SCAR 16 G635LX-RW063X, Intel Core Ultra 9 275HX pana la 5.4GHz, 16"" WQXGA, 64GB, SSD 4TB, NVIDIA GeForce RTX 5090 24GB, Windows 11 Pro, Off Black",22999.00
Altex,"Laptop Gaming ACER Predator Helios 16 AI OLED PH16-73-90NH, Intel Core Ultra 9 275HX pana la 5.4GHz, 16"" WQXGA, 64GB, SSD 2TB, NVIDIA GeForce RTX 5090 24GB, Windows 11 Pro, Abyssal Black",22399.90
Altex,"Laptop APPLE MacBook Pro 16 mx2w3ro/a, Apple M4 Max, 16.2"" Liquid Retina XDR, 48GB, SSD 1TB, 40-core GPU, macOS Sequoia, Silver - Tastatura layout INT",23216.90
